Workbook

Sheet Predicciones_Hugo
A1: Partido | B1: Grupo | C1: Local | D1: Visitante | E1: G_Local | F1: G_Visitante | G1: Resultado | H1: Diferencia | J1: Grupo | K1: Posición | L1: Equipo | M1: Puntos | N1: Diferencia | O1: GF | P1: GC | Q1: Victorias | R1: Empates | S1: Derrotas | T1: Victorias_L | U1: Victorias_V | V1: Empates_L | W1: Empates_V | X1: Derrotas_L | Y1: Derrotas_V | Z1: GF_L | AA1: GF_V | AB1: GC_L | AC1: GC_V
A2: 1 | B2: A | C2: México | D2: Sudáfrica | E2: 2 | F2: 1 | G2: =IF(E2>F2,"Local",IF(E2=F2,"Empate","Visitante")) | H2: =E2-F2 | J2: A | K2: 1 | L2: México | M2: =(Q2*3)+R2 | N2: =O2-P2 | O2: =Z2+AA2 | P2: =AB2+AC2 | Q2: =T2+U2 | R2: =V2+W2 | S2: =X2+Y2 | T2: =COUNTIFS(C:C,L2,G:G,"Local") | U2: =COUNTIFS(D:D,L2,G:G,"Visitante") | V2: =COUNTIFS(C:C,L2,G:G,"Empate") | W2: =COUNTIFS(D:D,L2,G:G,"Empate") | X2: =COUNTIFS(C:C,L2,G:G,"Visitante") | Y2: =COUNTIFS(D:D,L2,G:G,"Local") | Z2: =SUMIF(C:C,L2,E:E) | AA2: =SUMIF(D:D,L2,F:F) | AB2: =SUMIF(C:C,L2,F:F) | AC2: =SUMIF(D:D,L2,E:E)
A3: 2 | B3: A | C3: Corea del Sur | D3: República Checa | E3: 2 | F3: 1 | G3: =IF(E3>F3,"Local",IF(E3=F3,"Empate","Visitante")) | H3: =E3-F3 | K3: 2 | L3: Sudáfrica | M3: =(Q3*3)+R3 | N3: =O3-P3 | O3: =Z3+AA3 | P3: =AB3+AC3 | Q3: =T3+U3 | R3: =V3+W3 | S3: =X3+Y3 | T3: =COUNTIFS(C:C,L3,G:G,"Local") | U3: =COUNTIFS(D:D,L3,G:G,"Visitante") | V3: =COUNTIFS(C:C,L3,G:G,"Empate") | W3: =COUNTIFS(D:D,L3,G:G,"Empate") | X3: =COUNTIFS(C:C,L3,G:G,"Visitante") | Y3: =COUNTIFS(D:D,L3,G:G,"Local") | Z3: =SUMIF(C:C,L3,E:E) | AA3: =SUMIF(D:D,L3,F:F) | AB3: =SUMIF(C:C,L3,F:F) | AC3: =SUMIF(D:D,L3,E:E)
A4: 3 | B4: A | C4: República Checa | D4: Sudáfrica | E4: 1 | F4: 1 | G4: =IF(E4>F4,"Local",IF(E4=F4,"Empate","Visitante")) | H4: =E4-F4 | K4: 3 | L4: República Checa | M4: =(Q4*3)+R4 | N4: =O4-P4 | O4: =Z4+AA4 | P4: =AB4+AC4 | Q4: =T4+U4 | R4: =V4+W4 | S4: =X4+Y4 | T4: =COUNTIFS(C:C,L4,G:G,"Local") | U4: =COUNTIFS(D:D,L4,G:G,"Visitante") | V4: =COUNTIFS(C:C,L4,G:G,"Empate") | W4: =COUNTIFS(D:D,L4,G:G,"Empate") | X4: =COUNTIFS(C:C,L4,G:G,"Visitante") | Y4: =COUNTIFS(D:D,L4,G:G,"Local") | Z4: =SUMIF(C:C,L4,E:E) | AA4: =SUMIF(D:D,L4,F:F) | AB4: =SUMIF(C:C,L4,F:F) | AC4: =SUMIF(D:D,L4,E:E)
A5: 4 | B5: A | C5: México | D5: Corea del Sur | E5: 1 | F5: 0 | G5: =IF(E5>F5,"Local",IF(E5=F5,"Empate","Visitante")) | H5: =E5-F5 | K5: 4 | L5: Corea del Sur | M5: =(Q5*3)+R5 | N5: =O5-P5 | O5: =Z5+AA5 | P5: =AB5+AC5 | Q5: =T5+U5 | R5: =V5+W5 | S5: =X5+Y5 | T5: =COUNTIFS(C:C,L5,G:G,"Local") | U5: =COUNTIFS(D:D,L5,G:G,"Visitante") | V5: =COUNTIFS(C:C,L5,G:G,"Empate") | W5: =COUNTIFS(D:D,L5,G:G,"Empate") | X5: =COUNTIFS(C:C,L5,G:G,"Visitante") | Y5: =COUNTIFS(D:D,L5,G:G,"Local") | Z5: =SUMIF(C:C,L5,E:E) | AA5: =SUMIF(D:D,L5,F:F) | AB5: =SUMIF(C:C,L5,F:F) | AC5: =SUMIF(D:D,L5,E:E)
A6: 5 | B6: A | C6: República Checa | D6: México | E6: 2 | F6: 1 | G6: =IF(E6>F6,"Local",IF(E6=F6,"Empate","Visitante")) | H6: =E6-F6
A7: 6 | B7: A | C7: Sudáfrica | D7: Corea del Sur | E7: 2 | F7: 0 | G7: =IF(E7>F7,"Local",IF(E7=F7,"Empate","Visitante")) | H7: =E7-F7 | J7: Grupo | K7: Posición | L7: Equipo | M7: Puntos | N7: Diferencia | O7: GF | P7: GC | Q7: Victorias | R7: Empates | S7: Derrotas | T7: Victorias_L | U7: Victorias_V | V7: Empates_L | W7: Empates_V | X7: Derrotas_L | Y7: Derrotas_V | Z7: GF_L | AA7: GF_V | AB7: GC_L | AC7: GC_V
A8: 7 | B8: B | C8: Canadá | D8: Bosnia y Herzegovina | E8: 2 | F8: 0 | G8: =IF(E8>F8,"Local",IF(E8=F8,"Empate","Visitante")) | H8: =E8-F8 | J8: B | K8: 1 | L8: Suiza | M8: =(Q8*3)+R8 | N8: =O8-P8 | O8: =Z8+AA8 | P8: =AB8+AC8 | Q8: =T8+U8 | R8: =V8+W8 | S8: =X8+Y8 | T8: =COUNTIFS(C:C,L8,G:G,"Local") | U8: =COUNTIFS(D:D,L8,G:G,"Visitante") | V8: =COUNTIFS(C:C,L8,G:G,"Empate") | W8: =COUNTIFS(D:D,L8,G:G,"Empate") | X8: =COUNTIFS(C:C,L8,G:G,"Visitante") | Y8: =COUNTIFS(D:D,L8,G:G,"Local") | Z8: =SUMIF(C:C,L8,E:E) | AA8: =SUMIF(D:D,L8,F:F) | AB8: =SUMIF(C:C,L8,F:F) | AC8: =SUMIF(D:D,L8,E:E)
A9: 8 | B9: B | C9: Catar | D9: Suiza | E9: 0 | F9: 3 | G9: =IF(E9>F9,"Local",IF(E9=F9,"Empate","Visitante")) | H9: =E9-F9 | K9: 2 | L9: Canadá | M9: =(Q9*3)+R9 | N9: =O9-P9 | O9: =Z9+AA9 | P9: =AB9+AC9 | Q9: =T9+U9 | R9: =V9+W9 | S9: =X9+Y9 | T9: =COUNTIFS(C:C,L9,G:G,"Local") | U9: =COUNTIFS(D:D,L9,G:G,"Visitante") | V9: =COUNTIFS(C:C,L9,G:G,"Empate") | W9: =COUNTIFS(D:D,L9,G:G,"Empate") | X9: =COUNTIFS(C:C,L9,G:G,"Visitante") | Y9: =COUNTIFS(D:D,L9,G:G,"Local") | Z9: =SUMIF(C:C,L9,E:E) | AA9: =SUMIF(D:D,L9,F:F) | AB9: =SUMIF(C:C,L9,F:F) | AC9: =SUMIF(D:D,L9,E:E)
A10: 9 | B10: B | C10: Suiza | D10: Bosnia y Herzegovina | E10: 2 | F10: 0 | G10: =IF(E10>F10,"Local",IF(E10=F10,"Empate","Visitante")) | H10: =E10-F10 | K10: 3 | L10: Bosnia y Herzegovina | M10: =(Q10*3)+R10 | N10: =O10-P10 | O10: =Z10+AA10 | P10: =AB10+AC10 | Q10: =T10+U10 | R10: =V10+W10 | S10: =X10+Y10 | T10: =COUNTIFS(C:C,L10,G:G,"Local") | U10: =COUNTIFS(D:D,L10,G:G,"Visitante") | V10: =COUNTIFS(C:C,L10,G:G,"Empate") | W10: =COUNTIFS(D:D,L10,G:G,"Empate") | X10: =COUNTIFS(C:C,L10,G:G,"Visitante") | Y10: =COUNTIFS(D:D,L10,G:G,"Local") | Z10: =SUMIF(C:C,L10,E:E) | AA10: =SUMIF(D:D,L10,F:F) | AB10: =SUMIF(C:C,L10,F:F) | AC10: =SUMIF(D:D,L10,E:E)
A11: 10 | B11: B | C11: Canadá | D11: Catar | E11: 3 | F11: 1 | G11: =IF(E11>F11,"Local",IF(E11=F11,"Empate","Visitante")) | H11: =E11-F11 | K11: 4 | L11: Catar | M11: =(Q11*3)+R11 | N11: =O11-P11 | O11: =Z11+AA11 | P11: =AB11+AC11 | Q11: =T11+U11 | R11: =V11+W11 | S11: =X11+Y11 | T11: =COUNTIFS(C:C,L11,G:G,"Local") | U11: =COUNTIFS(D:D,L11,G:G,"Visitante") | V11: =COUNTIFS(C:C,L11,G:G,"Empate") | W11: =COUNTIFS(D:D,L11,G:G,"Empate") | X11: =COUNTIFS(C:C,L11,G:G,"Visitante") | Y11: =COUNTIFS(D:D,L11,G:G,"Local") | Z11: =SUMIF(C:C,L11,E:E) | AA11: =SUMIF(D:D,L11,F:F) | AB11: =SUMIF(C:C,L11,F:F) | AC11: =SUMIF(D:D,L11,E:E)
A12: 11 | B12: B | C12: Suiza | D12: Canadá | E12: 1 | F12: 0 | G12: =IF(E12>F12,"Local",IF(E12=F12,"Empate","Visitante")) | H12: =E12-F12
A13: 12 | B13: B | C13: Bosnia y Herzegovina | D13: Catar | E13: 1 | F13: 0 | G13: =IF(E13>F13,"Local",IF(E13=F13,"Empate","Visitante")) | H13: =E13-F13 | J13: Grupo | K13: Posición | L13: Equipo | M13: Puntos | N13: Diferencia | O13: GF | P13: GC | Q13: Victorias | R13: Empates | S13: Derrotas | T13: Victorias_L | U13: Victorias_V | V13: Empates_L | W13: Empates_V | X13: Derrotas_L | Y13: Derrotas_V | Z13: GF_L | AA13: GF_V | AB13: GC_L | AC13: GC_V
A14: 13 | B14: C | C14: Brasil | D14: Marruecos | E14: 2 | F14: 0 | G14: =IF(E14>F14,"Local",IF(E14=F14,"Empate","Visitante")) | H14: =E14-F14 | J14: C | K14: 1 | L14: Brasil | M14: =(Q14*3)+R14 | N14: =O14-P14 | O14: =Z14+AA14 | P14: =AB14+AC14 | Q14: =T14+U14 | R14: =V14+W14 | S14: =X14+Y14 | T14: =COUNTIFS(C:C,L14,G:G,"Local") | U14: =COUNTIFS(D:D,L14,G:G,"Visitante") | V14: =COUNTIFS(C:C,L14,G:G,"Empate") | W14: =COUNTIFS(D:D,L14,G:G,"Empate") | X14: =COUNTIFS(C:C,L14,G:G,"Visitante") | Y14: =COUNTIFS(D:D,L14,G:G,"Local") | Z14: =SUMIF(C:C,L14,E:E) | AA14: =SUMIF(D:D,L14,F:F) | AB14: =SUMIF(C:C,L14,F:F) | AC14: =SUMIF(D:D,L14,E:E)
A15: 14 | B15: C | C15: Haití | D15: Escocia | E15: 0 | F15: 3 | G15: =IF(E15>F15,"Local",IF(E15=F15,"Empate","Visitante")) | H15: =E15-F15 | K15: 2 | L15: Marruecos | M15: =(Q15*3)+R15 | N15: =O15-P15 | O15: =Z15+AA15 | P15: =AB15+AC15 | Q15: =T15+U15 | R15: =V15+W15 | S15: =X15+Y15 | T15: =COUNTIFS(C:C,L15,G:G,"Local") | U15: =COUNTIFS(D:D,L15,G:G,"Visitante") | V15: =COUNTIFS(C:C,L15,G:G,"Empate") | W15: =COUNTIFS(D:D,L15,G:G,"Empate") | X15: =COUNTIFS(C:C,L15,G:G,"Visitante") | Y15: =COUNTIFS(D:D,L15,G:G,"Local") | Z15: =SUMIF(C:C,L15,E:E) | AA15: =SUMIF(D:D,L15,F:F) | AB15: =SUMIF(C:C,L15,F:F) | AC15: =SUMIF(D:D,L15,E:E)
A16: 15 | B16: C | C16: Escocia | D16: Marruecos | E16: 1 | F16: 4 | G16: =IF(E16>F16,"Local",IF(E16=F16,"Empate","Visitante")) | H16: =E16-F16 | K16: 3 | L16: Escocia | M16: =(Q16*3)+R16 | N16: =O16-P16 | O16: =Z16+AA16 | P16: =AB16+AC16 | Q16: =T16+U16 | R16: =V16+W16 | S16: =X16+Y16 | T16: =COUNTIFS(C:C,L16,G:G,"Local") | U16: =COUNTIFS(D:D,L16,G:G,"Visitante") | V16: =COUNTIFS(C:C,L16,G:G,"Empate") | W16: =COUNTIFS(D:D,L16,G:G,"Empate") | X16: =COUNTIFS(C:C,L16,G:G,"Visitante") | Y16: =COUNTIFS(D:D,L16,G:G,"Local") | Z16: =SUMIF(C:C,L16,E:E) | AA16: =SUMIF(D:D,L16,F:F) | AB16: =SUMIF(C:C,L16,F:F) | AC16: =SUMIF(D:D,L16,E:E)
A17: 16 | B17: C | C17: Brasil | D17: Haití | E17: 5 | F17: 0 | G17: =IF(E17>F17,"Local",IF(E17=F17,"Empate","Visitante")) | H17: =E17-F17 | K17: 4 | L17: Haití | M17: =(Q17*3)+R17 | N17: =O17-P17 | O17: =Z17+AA17 | P17: =AB17+AC17 | Q17: =T17+U17 | R17: =V17+W17 | S17: =X17+Y17 | T17: =COUNTIFS(C:C,L17,G:G,"Local") | U17: =COUNTIFS(D:D,L17,G:G,"Visitante") | V17: =COUNTIFS(C:C,L17,G:G,"Empate") | W17: =COUNTIFS(D:D,L17,G:G,"Empate") | X17: =COUNTIFS(C:C,L17,G:G,"Visitante") | Y17: =COUNTIFS(D:D,L17,G:G,"Local") | Z17: =SUMIF(C:C,L17,E:E) | AA17: =SUMIF(D:D,L17,F:F) | AB17: =SUMIF(C:C,L17,F:F) | AC17: =SUMIF(D:D,L17,E:E)
A18: 17 | B18: C | C18: Escocia | D18: Brasil | E18: 2 | F18: 3 | G18: =IF(E18>F18,"Local",IF(E18=F18,"Empate","Visitante")) | H18: =E18-F18
A19: 18 | B19: C | C19: Marruecos | D19: Haití | E19: 3 | F19: 0 | G19: =IF(E19>F19,"Local",IF(E19=F19,"Empate","Visitante")) | H19: =E19-F19 | J19: Grupo | K19: Posición | L19: Equipo | M19: Puntos | N19: Diferencia | O19: GF | P19: GC | Q19: Victorias | R19: Empates | S19: Derrotas | T19: Victorias_L | U19: Victorias_V | V19: Empates_L | W19: Empates_V | X19: Derrotas_L | Y19: Derrotas_V | Z19: GF_L | AA19: GF_V | AB19: GC_L | AC19: GC_V
A20: 19 | B20: D | C20: Estados Unidos | D20: Paraguay | E20: 2 | F20: 0 | G20: =IF(E20>F20,"Local",IF(E20=F20,"Empate","Visitante")) | H20: =E20-F20 | J20: D | K20: 1 | L20: Turquía | M20: =(Q20*3)+R20 | N20: =O20-P20 | O20: =Z20+AA20 | P20: =AB20+AC20 | Q20: =T20+U20 | R20: =V20+W20 | S20: =X20+Y20 | T20: =COUNTIFS(C:C,L20,G:G,"Local") | U20: =COUNTIFS(D:D,L20,G:G,"Visitante") | V20: =COUNTIFS(C:C,L20,G:G,"Empate") | W20: =COUNTIFS(D:D,L20,G:G,"Empate") | X20: =COUNTIFS(C:C,L20,G:G,"Visitante") | Y20: =COUNTIFS(D:D,L20,G:G,"Local") | Z20: =SUMIF(C:C,L20,E:E) | AA20: =SUMIF(D:D,L20,F:F) | AB20: =SUMIF(C:C,L20,F:F) | AC20: =SUMIF(D:D,L20,E:E)
A21: 20 | B21: D | C21: Australia | D21: Turquía | E21: 1 | F21: 3 | G21: =IF(E21>F21,"Local",IF(E21=F21,"Empate","Visitante")) | H21: =E21-F21 | K21: 2 | L21: Estados Unidos | M21: =(Q21*3)+R21 | N21: =O21-P21 | O21: =Z21+AA21 | P21: =AB21+AC21 | Q21: =T21+U21 | R21: =V21+W21 | S21: =X21+Y21 | T21: =COUNTIFS(C:C,L21,G:G,"Local") | U21: =COUNTIFS(D:D,L21,G:G,"Visitante") | V21: =COUNTIFS(C:C,L21,G:G,"Empate") | W21: =COUNTIFS(D:D,L21,G:G,"Empate") | X21: =COUNTIFS(C:C,L21,G:G,"Visitante") | Y21: =COUNTIFS(D:D,L21,G:G,"Local") | Z21: =SUMIF(C:C,L21,E:E) | AA21: =SUMIF(D:D,L21,F:F) | AB21: =SUMIF(C:C,L21,F:F) | AC21: =SUMIF(D:D,L21,E:E)
A22: 21 | B22: D | C22: Estados Unidos | D22: Australia | E22: 2 | F22: 2 | G22: =IF(E22>F22,"Local",IF(E22=F22,"Empate","Visitante")) | H22: =E22-F22 | K22: 3 | L22: Australia | M22: =(Q22*3)+R22 | N22: =O22-P22 | O22: =Z22+AA22 | P22: =AB22+AC22 | Q22: =T22+U22 | R22: =V22+W22 | S22: =X22+Y22 | T22: =COUNTIFS(C:C,L22,G:G,"Local") | U22: =COUNTIFS(D:D,L22,G:G,"Visitante") | V22: =COUNTIFS(C:C,L22,G:G,"Empate") | W22: =COUNTIFS(D:D,L22,G:G,"Empate") | X22: =COUNTIFS(C:C,L22,G:G,"Visitante") | Y22: =COUNTIFS(D:D,L22,G:G,"Local") | Z22: =SUMIF(C:C,L22,E:E) | AA22: =SUMIF(D:D,L22,F:F) | AB22: =SUMIF(C:C,L22,F:F) | AC22: =SUMIF(D:D,L22,E:E)
A23: 22 | B23: D | C23: Turquía | D23: Paraguay | E23: 3 | F23: 1 | G23: =IF(E23>F23,"Local",IF(E23=F23,"Empate","Visitante")) | H23: =E23-F23 | K23: 4 | L23: Paraguay | M23: =(Q23*3)+R23 | N23: =O23-P23 | O23: =Z23+AA23 | P23: =AB23+AC23 | Q23: =T23+U23 | R23: =V23+W23 | S23: =X23+Y23 | T23: =COUNTIFS(C:C,L23,G:G,"Local") | U23: =COUNTIFS(D:D,L23,G:G,"Visitante") | V23: =COUNTIFS(C:C,L23,G:G,"Empate") | W23: =COUNTIFS(D:D,L23,G:G,"Empate") | X23: =COUNTIFS(C:C,L23,G:G,"Visitante") | Y23: =COUNTIFS(D:D,L23,G:G,"Local") | Z23: =SUMIF(C:C,L23,E:E) | AA23: =SUMIF(D:D,L23,F:F) | AB23: =SUMIF(C:C,L23,F:F) | AC23: =SUMIF(D:D,L23,E:E)
A24: 23 | B24: D | C24: Turquía | D24: Estados Unidos | E24: 2 | F24: 1 | G24: =IF(E24>F24,"Local",IF(E24=F24,"Empate","Visitante")) | H24: =E24-F24
A25: 24 | B25: D | C25: Paraguay | D25: Australia | E25: 1 | F25: 1 | G25: =IF(E25>F25,"Local",IF(E25=F25,"Empate","Visitante")) | H25: =E25-F25 | J25: Grupo | K25: Posición | L25: Equipo | M25: Puntos | N25: Diferencia | O25: GF | P25: GC | Q25: Victorias | R25: Empates | S25: Derrotas | T25: Victorias_L | U25: Victorias_V | V25: Empates_L | W25: Empates_V | X25: Derrotas_L | Y25: Derrotas_V | Z25: GF_L | AA25: GF_V | AB25: GC_L | AC25: GC_V
A26: 25 | B26: E | C26: Alemania | D26: Curazao | E26: 6 | F26: 0 | G26: =IF(E26>F26,"Local",IF(E26=F26,"Empate","Visitante")) | H26: =E26-F26 | J26: E | K26: 1 | L26: Alemania | M26: =(Q26*3)+R26 | N26: =O26-P26 | O26: =Z26+AA26 | P26: =AB26+AC26 | Q26: =T26+U26 | R26: =V26+W26 | S26: =X26+Y26 | T26: =COUNTIFS(C:C,L26,G:G,"Local") | U26: =COUNTIFS(D:D,L26,G:G,"Visitante") | V26: =COUNTIFS(C:C,L26,G:G,"Empate") | W26: =COUNTIFS(D:D,L26,G:G,"Empate") | X26: =COUNTIFS(C:C,L26,G:G,"Visitante") | Y26: =COUNTIFS(D:D,L26,G:G,"Local") | Z26: =SUMIF(C:C,L26,E:E) | AA26: =SUMIF(D:D,L26,F:F) | AB26: =SUMIF(C:C,L26,F:F) | AC26: =SUMIF(D:D,L26,E:E)
A27: 26 | B27: E | C27: Costa de Marfil | D27: Ecuador | E27: 2 | F27: 2 | G27: =IF(E27>F27,"Local",IF(E27=F27,"Empate","Visitante")) | H27: =E27-F27 | K27: 2 | L27: Ecuador | M27: =(Q27*3)+R27 | N27: =O27-P27 | O27: =Z27+AA27 | P27: =AB27+AC27 | Q27: =T27+U27 | R27: =V27+W27 | S27: =X27+Y27 | T27: =COUNTIFS(C:C,L27,G:G,"Local") | U27: =COUNTIFS(D:D,L27,G:G,"Visitante") | V27: =COUNTIFS(C:C,L27,G:G,"Empate") | W27: =COUNTIFS(D:D,L27,G:G,"Empate") | X27: =COUNTIFS(C:C,L27,G:G,"Visitante") | Y27: =COUNTIFS(D:D,L27,G:G,"Local") | Z27: =SUMIF(C:C,L27,E:E) | AA27: =SUMIF(D:D,L27,F:F) | AB27: =SUMIF(C:C,L27,F:F) | AC27: =SUMIF(D:D,L27,E:E)
A28: 27 | B28: E | C28: Alemania | D28: Costa de Marfil | E28: 3 | F28: 1 | G28: =IF(E28>F28,"Local",IF(E28=F28,"Empate","Visitante")) | H28: =E28-F28 | K28: 3 | L28: Costa de Marfil | M28: =(Q28*3)+R28 | N28: =O28-P28 | O28: =Z28+AA28 | P28: =AB28+AC28 | Q28: =T28+U28 | R28: =V28+W28 | S28: =X28+Y28 | T28: =COUNTIFS(C:C,L28,G:G,"Local") | U28: =COUNTIFS(D:D,L28,G:G,"Visitante") | V28: =COUNTIFS(C:C,L28,G:G,"Empate") | W28: =COUNTIFS(D:D,L28,G:G,"Empate") | X28: =COUNTIFS(C:C,L28,G:G,"Visitante") | Y28: =COUNTIFS(D:D,L28,G:G,"Local") | Z28: =SUMIF(C:C,L28,E:E) | AA28: =SUMIF(D:D,L28,F:F) | AB28: =SUMIF(C:C,L28,F:F) | AC28: =SUMIF(D:D,L28,E:E)
A29: 28 | B29: E | C29: Ecuador | D29: Curazao | E29: 3 | F29: 0 | G29: =IF(E29>F29,"Local",IF(E29=F29,"Empate","Visitante")) | H29: =E29-F29 | K29: 4 | L29: Curazao | M29: =(Q29*3)+R29 | N29: =O29-P29 | O29: =Z29+AA29 | P29: =AB29+AC29 | Q29: =T29+U29 | R29: =V29+W29 | S29: =X29+Y29 | T29: =COUNTIFS(C:C,L29,G:G,"Local") | U29: =COUNTIFS(D:D,L29,G:G,"Visitante") | V29: =COUNTIFS(C:C,L29,G:G,"Empate") | W29: =COUNTIFS(D:D,L29,G:G,"Empate") | X29: =COUNTIFS(C:C,L29,G:G,"Visitante") | Y29: =COUNTIFS(D:D,L29,G:G,"Local") | Z29: =SUMIF(C:C,L29,E:E) | AA29: =SUMIF(D:D,L29,F:F) | AB29: =SUMIF(C:C,L29,F:F) | AC29: =SUMIF(D:D,L29,E:E)
A30: 29 | B30: E | C30: Curazao | D30: Costa de Marfil | E30: 1 | F30: 2 | G30: =IF(E30>F30,"Local",IF(E30=F30,"Empate","Visitante")) | H30: =E30-F30
A31: 30 | B31: E | C31: Ecuador | D31: Alemania | E31: 2 | F31: 2 | G31: =IF(E31>F31,"Local",IF(E31=F31,"Empate","Visitante")) | H31: =E31-F31 | J31: Grupo | K31: Posición | L31: Equipo | M31: Puntos | N31: Diferencia | O31: GF | P31: GC | Q31: Victorias | R31: Empates | S31: Derrotas | T31: Victorias_L | U31: Victorias_V | V31: Empates_L | W31: Empates_V | X31: Derrotas_L | Y31: Derrotas_V | Z31: GF_L | AA31: GF_V | AB31: GC_L | AC31: GC_V
A32: 31 | B32: F | C32: Países Bajos | D32: Japón | E32: 2 | F32: 0 | G32: =IF(E32>F32,"Local",IF(E32=F32,"Empate","Visitante")) | H32: =E32-F32 | J32: F | K32: 1 | L32: Países Bajos | M32: =(Q32*3)+R32 | N32: =O32-P32 | O32: =Z32+AA32 | P32: =AB32+AC32 | Q32: =T32+U32 | R32: =V32+W32 | S32: =X32+Y32 | T32: =COUNTIFS(C:C,L32,G:G,"Local") | U32: =COUNTIFS(D:D,L32,G:G,"Visitante") | V32: =COUNTIFS(C:C,L32,G:G,"Empate") | W32: =COUNTIFS(D:D,L32,G:G,"Empate") | X32: =COUNTIFS(C:C,L32,G:G,"Visitante") | Y32: =COUNTIFS(D:D,L32,G:G,"Local") | Z32: =SUMIF(C:C,L32,E:E) | AA32: =SUMIF(D:D,L32,F:F) | AB32: =SUMIF(C:C,L32,F:F) | AC32: =SUMIF(D:D,L32,E:E)
A33: 32 | B33: F | C33: Suecia | D33: Túnez | E33: 1 | F33: 1 | G33: =IF(E33>F33,"Local",IF(E33=F33,"Empate","Visitante")) | H33: =E33-F33 | K33: 2 | L33: Japón | M33: =(Q33*3)+R33 | N33: =O33-P33 | O33: =Z33+AA33 | P33: =AB33+AC33 | Q33: =T33+U33 | R33: =V33+W33 | S33: =X33+Y33 | T33: =COUNTIFS(C:C,L33,G:G,"Local") | U33: =COUNTIFS(D:D,L33,G:G,"Visitante") | V33: =COUNTIFS(C:C,L33,G:G,"Empate") | W33: =COUNTIFS(D:D,L33,G:G,"Empate") | X33: =COUNTIFS(C:C,L33,G:G,"Visitante") | Y33: =COUNTIFS(D:D,L33,G:G,"Local") | Z33: =SUMIF(C:C,L33,E:E) | AA33: =SUMIF(D:D,L33,F:F) | AB33: =SUMIF(C:C,L33,F:F) | AC33: =SUMIF(D:D,L33,E:E)
A34: 33 | B34: F | C34: Países Bajos | D34: Suecia | E34: 1 | F34: 0 | G34: =IF(E34>F34,"Local",IF(E34=F34,"Empate","Visitante")) | H34: =E34-F34 | K34: 3 | L34: Suecia | M34: =(Q34*3)+R34 | N34: =O34-P34 | O34: =Z34+AA34 | P34: =AB34+AC34 | Q34: =T34+U34 | R34: =V34+W34 | S34: =X34+Y34 | T34: =COUNTIFS(C:C,L34,G:G,"Local") | U34: =COUNTIFS(D:D,L34,G:G,"Visitante") | V34: =COUNTIFS(C:C,L34,G:G,"Empate") | W34: =COUNTIFS(D:D,L34,G:G,"Empate") | X34: =COUNTIFS(C:C,L34,G:G,"Visitante") | Y34: =COUNTIFS(D:D,L34,G:G,"Local") | Z34: =SUMIF(C:C,L34,E:E) | AA34: =SUMIF(D:D,L34,F:F) | AB34: =SUMIF(C:C,L34,F:F) | AC34: =SUMIF(D:D,L34,E:E)
A35: 34 | B35: F | C35: Túnez | D35: Japón | E35: 1 | F35: 3 | G35: =IF(E35>F35,"Local",IF(E35=F35,"Empate","Visitante")) | H35: =E35-F35 | K35: 4 | L35: Túnez | M35: =(Q35*3)+R35 | N35: =O35-P35 | O35: =Z35+AA35 | P35: =AB35+AC35 | Q35: =T35+U35 | R35: =V35+W35 | S35: =X35+Y35 | T35: =COUNTIFS(C:C,L35,G:G,"Local") | U35: =COUNTIFS(D:D,L35,G:G,"Visitante") | V35: =COUNTIFS(C:C,L35,G:G,"Empate") | W35: =COUNTIFS(D:D,L35,G:G,"Empate") | X35: =COUNTIFS(C:C,L35,G:G,"Visitante") | Y35: =COUNTIFS(D:D,L35,G:G,"Local") | Z35: =SUMIF(C:C,L35,E:E) | AA35: =SUMIF(D:D,L35,F:F) | AB35: =SUMIF(C:C,L35,F:F) | AC35: =SUMIF(D:D,L35,E:E)
A36: 35 | B36: F | C36: Japón | D36: Suecia | E36: 2 | F36: 1 | G36: =IF(E36>F36,"Local",IF(E36=F36,"Empate","Visitante")) | H36: =E36-F36
A37: 36 | B37: F | C37: Túnez | D37: Países Bajos | E37: 0 | F37: 2 | G37: =IF(E37>F37,"Local",IF(E37=F37,"Empate","Visitante")) | H37: =E37-F37 | J37: Grupo | K37: Posición | L37: Equipo | M37: Puntos | N37: Diferencia | O37: GF | P37: GC | Q37: Victorias | R37: Empates | S37: Derrotas | T37: Victorias_L | U37: Victorias_V | V37: Empates_L | W37: Empates_V | X37: Derrotas_L | Y37: Derrotas_V | Z37: GF_L | AA37: GF_V | AB37: GC_L | AC37: GC_V
A38: 37 | B38: G | C38: Bélgica | D38: Egipto | E38: 1 | F38: 0 | G38: =IF(E38>F38,"Local",IF(E38=F38,"Empate","Visitante")) | H38: =E38-F38 | J38: G | K38: 1 | L38: Bélgica | M38: =(Q38*3)+R38 | N38: =O38-P38 | O38: =Z38+AA38 | P38: =AB38+AC38 | Q38: =T38+U38 | R38: =V38+W38 | S38: =X38+Y38 | T38: =COUNTIFS(C:C,L38,G:G,"Local") | U38: =COUNTIFS(D:D,L38,G:G,"Visitante") | V38: =COUNTIFS(C:C,L38,G:G,"Empate") | W38: =COUNTIFS(D:D,L38,G:G,"Empate") | X38: =COUNTIFS(C:C,L38,G:G,"Visitante") | Y38: =COUNTIFS(D:D,L38,G:G,"Local") | Z38: =SUMIF(C:C,L38,E:E) | AA38: =SUMIF(D:D,L38,F:F) | AB38: =SUMIF(C:C,L38,F:F) | AC38: =SUMIF(D:D,L38,E:E)
A39: 38 | B39: G | C39: Irán | D39: Nueva Zelanda | E39: 0 | F39: 0 | G39: =IF(E39>F39,"Local",IF(E39=F39,"Empate","Visitante")) | H39: =E39-F39 | K39: 2 | L39: Egipto | M39: =(Q39*3)+R39 | N39: =O39-P39 | O39: =Z39+AA39 | P39: =AB39+AC39 | Q39: =T39+U39 | R39: =V39+W39 | S39: =X39+Y39 | T39: =COUNTIFS(C:C,L39,G:G,"Local") | U39: =COUNTIFS(D:D,L39,G:G,"Visitante") | V39: =COUNTIFS(C:C,L39,G:G,"Empate") | W39: =COUNTIFS(D:D,L39,G:G,"Empate") | X39: =COUNTIFS(C:C,L39,G:G,"Visitante") | Y39: =COUNTIFS(D:D,L39,G:G,"Local") | Z39: =SUMIF(C:C,L39,E:E) | AA39: =SUMIF(D:D,L39,F:F) | AB39: =SUMIF(C:C,L39,F:F) | AC39: =SUMIF(D:D,L39,E:E)
A40: 39 | B40: G | C40: Bélgica | D40: Irán | E40: 4 | F40: 1 | G40: =IF(E40>F40,"Local",IF(E40=F40,"Empate","Visitante")) | H40: =E40-F40 | K40: 3 | L40: Nueva Zelanda | M40: =(Q40*3)+R40 | N40: =O40-P40 | O40: =Z40+AA40 | P40: =AB40+AC40 | Q40: =T40+U40 | R40: =V40+W40 | S40: =X40+Y40 | T40: =COUNTIFS(C:C,L40,G:G,"Local") | U40: =COUNTIFS(D:D,L40,G:G,"Visitante") | V40: =COUNTIFS(C:C,L40,G:G,"Empate") | W40: =COUNTIFS(D:D,L40,G:G,"Empate") | X40: =COUNTIFS(C:C,L40,G:G,"Visitante") | Y40: =COUNTIFS(D:D,L40,G:G,"Local") | Z40: =SUMIF(C:C,L40,E:E) | AA40: =SUMIF(D:D,L40,F:F) | AB40: =SUMIF(C:C,L40,F:F) | AC40: =SUMIF(D:D,L40,E:E)
A41: 40 | B41: G | C41: Nueva Zelanda | D41: Egipto | E41: 0 | F41: 1 | G41: =IF(E41>F41,"Local",IF(E41=F41,"Empate","Visitante")) | H41: =E41-F41 | K41: 4 | L41: Irán | M41: =(Q41*3)+R41 | N41: =O41-P41 | O41: =Z41+AA41 | P41: =AB41+AC41 | Q41: =T41+U41 | R41: =V41+W41 | S41: =X41+Y41 | T41: =COUNTIFS(C:C,L41,G:G,"Local") | U41: =COUNTIFS(D:D,L41,G:G,"Visitante") | V41: =COUNTIFS(C:C,L41,G:G,"Empate") | W41: =COUNTIFS(D:D,L41,G:G,"Empate") | X41: =COUNTIFS(C:C,L41,G:G,"Visitante") | Y41: =COUNTIFS(D:D,L41,G:G,"Local") | Z41: =SUMIF(C:C,L41,E:E) | AA41: =SUMIF(D:D,L41,F:F) | AB41: =SUMIF(C:C,L41,F:F) | AC41: =SUMIF(D:D,L41,E:E)
A42: 41 | B42: G | C42: Egipto | D42: Irán | E42: 3 | F42: 0 | G42: =IF(E42>F42,"Local",IF(E42=F42,"Empate","Visitante")) | H42: =E42-F42
A43: 42 | B43: G | C43: Nueva Zelanda | D43: Bélgica | E43: 1 | F43: 4 | G43: =IF(E43>F43,"Local",IF(E43=F43,"Empate","Visitante")) | H43: =E43-F43 | J43: Grupo | K43: Posición | L43: Equipo | M43: Puntos | N43: Diferencia | O43: GF | P43: GC | Q43: Victorias | R43: Empates | S43: Derrotas | T43: Victorias_L | U43: Victorias_V | V43: Empates_L | W43: Empates_V | X43: Derrotas_L | Y43: Derrotas_V | Z43: GF_L | AA43: GF_V | AB43: GC_L | AC43: GC_V
A44: 43 | B44: H | C44: España | D44: Cabo Verde | E44: 4 | F44: 0 | G44: =IF(E44>F44,"Local",IF(E44=F44,"Empate","Visitante")) | H44: =E44-F44 | J44: H | K44: 1 | L44: Uruguay | M44: =(Q44*3)+R44 | N44: =O44-P44 | O44: =Z44+AA44 | P44: =AB44+AC44 | Q44: =T44+U44 | R44: =V44+W44 | S44: =X44+Y44 | T44: =COUNTIFS(C:C,L44,G:G,"Local") | U44: =COUNTIFS(D:D,L44,G:G,"Visitante") | V44: =COUNTIFS(C:C,L44,G:G,"Empate") | W44: =COUNTIFS(D:D,L44,G:G,"Empate") | X44: =COUNTIFS(C:C,L44,G:G,"Visitante") | Y44: =COUNTIFS(D:D,L44,G:G,"Local") | Z44: =SUMIF(C:C,L44,E:E) | AA44: =SUMIF(D:D,L44,F:F) | AB44: =SUMIF(C:C,L44,F:F) | AC44: =SUMIF(D:D,L44,E:E)
A45: 44 | B45: H | C45: Arabia Saudí | D45: Uruguay | E45: 1 | F45: 1 | G45: =IF(E45>F45,"Local",IF(E45=F45,"Empate","Visitante")) | H45: =E45-F45 | K45: 2 | L45: España | M45: =(Q45*3)+R45 | N45: =O45-P45 | O45: =Z45+AA45 | P45: =AB45+AC45 | Q45: =T45+U45 | R45: =V45+W45 | S45: =X45+Y45 | T45: =COUNTIFS(C:C,L45,G:G,"Local") | U45: =COUNTIFS(D:D,L45,G:G,"Visitante") | V45: =COUNTIFS(C:C,L45,G:G,"Empate") | W45: =COUNTIFS(D:D,L45,G:G,"Empate") | X45: =COUNTIFS(C:C,L45,G:G,"Visitante") | Y45: =COUNTIFS(D:D,L45,G:G,"Local") | Z45: =SUMIF(C:C,L45,E:E) | AA45: =SUMIF(D:D,L45,F:F) | AB45: =SUMIF(C:C,L45,F:F) | AC45: =SUMIF(D:D,L45,E:E)
A46: 45 | B46: H | C46: España | D46: Arabia Saudí | E46: 2 | F46: 0 | G46: =IF(E46>F46,"Local",IF(E46=F46,"Empate","Visitante")) | H46: =E46-F46 | K46: 3 | L46: Arabia Saudí | M46: =(Q46*3)+R46 | N46: =O46-P46 | O46: =Z46+AA46 | P46: =AB46+AC46 | Q46: =T46+U46 | R46: =V46+W46 | S46: =X46+Y46 | T46: =COUNTIFS(C:C,L46,G:G,"Local") | U46: =COUNTIFS(D:D,L46,G:G,"Visitante") | V46: =COUNTIFS(C:C,L46,G:G,"Empate") | W46: =COUNTIFS(D:D,L46,G:G,"Empate") | X46: =COUNTIFS(C:C,L46,G:G,"Visitante") | Y46: =COUNTIFS(D:D,L46,G:G,"Local") | Z46: =SUMIF(C:C,L46,E:E) | AA46: =SUMIF(D:D,L46,F:F) | AB46: =SUMIF(C:C,L46,F:F) | AC46: =SUMIF(D:D,L46,E:E)
A47: 46 | B47: H | C47: Uruguay | D47: Cabo Verde | E47: 2 | F47: 0 | G47: =IF(E47>F47,"Local",IF(E47=F47,"Empate","Visitante")) | H47: =E47-F47 | K47: 4 | L47: Cabo Verde | M47: =(Q47*3)+R47 | N47: =O47-P47 | O47: =Z47+AA47 | P47: =AB47+AC47 | Q47: =T47+U47 | R47: =V47+W47 | S47: =X47+Y47 | T47: =COUNTIFS(C:C,L47,G:G,"Local") | U47: =COUNTIFS(D:D,L47,G:G,"Visitante") | V47: =COUNTIFS(C:C,L47,G:G,"Empate") | W47: =COUNTIFS(D:D,L47,G:G,"Empate") | X47: =COUNTIFS(C:C,L47,G:G,"Visitante") | Y47: =COUNTIFS(D:D,L47,G:G,"Local") | Z47: =SUMIF(C:C,L47,E:E) | AA47: =SUMIF(D:D,L47,F:F) | AB47: =SUMIF(C:C,L47,F:F) | AC47: =SUMIF(D:D,L47,E:E)
A48: 47 | B48: H | C48: Cabo Verde | D48: Arabia Saudí | E48: 1 | F48: 3 | G48: =IF(E48>F48,"Local",IF(E48=F48,"Empate","Visitante")) | H48: =E48-F48
A49: 48 | B49: H | C49: Uruguay | D49: España | E49: 2 | F49: 1 | G49: =IF(E49>F49,"Local",IF(E49=F49,"Empate","Visitante")) | H49: =E49-F49 | J49: Grupo | K49: Posición | L49: Equipo | M49: Puntos | N49: Diferencia | O49: GF | P49: GC | Q49: Victorias | R49: Empates | S49: Derrotas | T49: Victorias_L | U49: Victorias_V | V49: Empates_L | W49: Empates_V | X49: Derrotas_L | Y49: Derrotas_V | Z49: GF_L | AA49: GF_V | AB49: GC_L | AC49: GC_V
A50: 49 | B50: I | C50: Francia | D50: Senegal | E50: 3 | F50: 1 | G50: =IF(E50>F50,"Local",IF(E50=F50,"Empate","Visitante")) | H50: =E50-F50 | J50: I | K50: 1 | L50: Francia | M50: =(Q50*3)+R50 | N50: =O50-P50 | O50: =Z50+AA50 | P50: =AB50+AC50 | Q50: =T50+U50 | R50: =V50+W50 | S50: =X50+Y50 | T50: =COUNTIFS(C:C,L50,G:G,"Local") | U50: =COUNTIFS(D:D,L50,G:G,"Visitante") | V50: =COUNTIFS(C:C,L50,G:G,"Empate") | W50: =COUNTIFS(D:D,L50,G:G,"Empate") | X50: =COUNTIFS(C:C,L50,G:G,"Visitante") | Y50: =COUNTIFS(D:D,L50,G:G,"Local") | Z50: =SUMIF(C:C,L50,E:E) | AA50: =SUMIF(D:D,L50,F:F) | AB50: =SUMIF(C:C,L50,F:F) | AC50: =SUMIF(D:D,L50,E:E)
A51: 50 | B51: I | C51: Irak | D51: Noruega | E51: 0 | F51: 2 | G51: =IF(E51>F51,"Local",IF(E51=F51,"Empate","Visitante")) | H51: =E51-F51 | K51: 2 | L51: Noruega | M51: =(Q51*3)+R51 | N51: =O51-P51 | O51: =Z51+AA51 | P51: =AB51+AC51 | Q51: =T51+U51 | R51: =V51+W51 | S51: =X51+Y51 | T51: =COUNTIFS(C:C,L51,G:G,"Local") | U51: =COUNTIFS(D:D,L51,G:G,"Visitante") | V51: =COUNTIFS(C:C,L51,G:G,"Empate") | W51: =COUNTIFS(D:D,L51,G:G,"Empate") | X51: =COUNTIFS(C:C,L51,G:G,"Visitante") | Y51: =COUNTIFS(D:D,L51,G:G,"Local") | Z51: =SUMIF(C:C,L51,E:E) | AA51: =SUMIF(D:D,L51,F:F) | AB51: =SUMIF(C:C,L51,F:F) | AC51: =SUMIF(D:D,L51,E:E)
A52: 51 | B52: I | C52: Francia | D52: Irak | E52: 2 | F52: 0 | G52: =IF(E52>F52,"Local",IF(E52=F52,"Empate","Visitante")) | H52: =E52-F52 | K52: 3 | L52: Senegal | M52: =(Q52*3)+R52 | N52: =O52-P52 | O52: =Z52+AA52 | P52: =AB52+AC52 | Q52: =T52+U52 | R52: =V52+W52 | S52: =X52+Y52 | T52: =COUNTIFS(C:C,L52,G:G,"Local") | U52: =COUNTIFS(D:D,L52,G:G,"Visitante") | V52: =COUNTIFS(C:C,L52,G:G,"Empate") | W52: =COUNTIFS(D:D,L52,G:G,"Empate") | X52: =COUNTIFS(C:C,L52,G:G,"Visitante") | Y52: =COUNTIFS(D:D,L52,G:G,"Local") | Z52: =SUMIF(C:C,L52,E:E) | AA52: =SUMIF(D:D,L52,F:F) | AB52: =SUMIF(C:C,L52,F:F) | AC52: =SUMIF(D:D,L52,E:E)
A53: 52 | B53: I | C53: Noruega | D53: Senegal | E53: 2 | F53: 2 | G53: =IF(E53>F53,"Local",IF(E53=F53,"Empate","Visitante")) | H53: =E53-F53 | K53: 4 | L53: Irak | M53: =(Q53*3)+R53 | N53: =O53-P53 | O53: =Z53+AA53 | P53: =AB53+AC53 | Q53: =T53+U53 | R53: =V53+W53 | S53: =X53+Y53 | T53: =COUNTIFS(C:C,L53,G:G,"Local") | U53: =COUNTIFS(D:D,L53,G:G,"Visitante") | V53: =COUNTIFS(C:C,L53,G:G,"Empate") | W53: =COUNTIFS(D:D,L53,G:G,"Empate") | X53: =COUNTIFS(C:C,L53,G:G,"Visitante") | Y53: =COUNTIFS(D:D,L53,G:G,"Local") | Z53: =SUMIF(C:C,L53,E:E) | AA53: =SUMIF(D:D,L53,F:F) | AB53: =SUMIF(C:C,L53,F:F) | AC53: =SUMIF(D:D,L53,E:E)
A54: 53 | B54: I | C54: Noruega | D54: Francia | E54: 0 | F54: 2 | G54: =IF(E54>F54,"Local",IF(E54=F54,"Empate","Visitante")) | H54: =E54-F54
A55: 54 | B55: I | C55: Senegal | D55: Irak | E55: 1 | F55: 0 | G55: =IF(E55>F55,"Local",IF(E55=F55,"Empate","Visitante")) | H55: =E55-F55 | J55: Grupo | K55: Posición | L55: Equipo | M55: Puntos | N55: Diferencia | O55: GF | P55: GC | Q55: Victorias | R55: Empates | S55: Derrotas | T55: Victorias_L | U55: Victorias_V | V55: Empates_L | W55: Empates_V | X55: Derrotas_L | Y55: Derrotas_V | Z55: GF_L | AA55: GF_V | AB55: GC_L | AC55: GC_V
A56: 55 | B56: J | C56: Argentina | D56: Argelia | E56: 3 | F56: 1 | G56: =IF(E56>F56,"Local",IF(E56=F56,"Empate","Visitante")) | H56: =E56-F56 | J56: J | K56: 1 | L56: Argentina | M56: =(Q56*3)+R56 | N56: =O56-P56 | O56: =Z56+AA56 | P56: =AB56+AC56 | Q56: =T56+U56 | R56: =V56+W56 | S56: =X56+Y56 | T56: =COUNTIFS(C:C,L56,G:G,"Local") | U56: =COUNTIFS(D:D,L56,G:G,"Visitante") | V56: =COUNTIFS(C:C,L56,G:G,"Empate") | W56: =COUNTIFS(D:D,L56,G:G,"Empate") | X56: =COUNTIFS(C:C,L56,G:G,"Visitante") | Y56: =COUNTIFS(D:D,L56,G:G,"Local") | Z56: =SUMIF(C:C,L56,E:E) | AA56: =SUMIF(D:D,L56,F:F) | AB56: =SUMIF(C:C,L56,F:F) | AC56: =SUMIF(D:D,L56,E:E)
A57: 56 | B57: J | C57: Austria | D57: Jordania | E57: 1 | F57: 0 | G57: =IF(E57>F57,"Local",IF(E57=F57,"Empate","Visitante")) | H57: =E57-F57 | K57: 2 | L57: Austria | M57: =(Q57*3)+R57 | N57: =O57-P57 | O57: =Z57+AA57 | P57: =AB57+AC57 | Q57: =T57+U57 | R57: =V57+W57 | S57: =X57+Y57 | T57: =COUNTIFS(C:C,L57,G:G,"Local") | U57: =COUNTIFS(D:D,L57,G:G,"Visitante") | V57: =COUNTIFS(C:C,L57,G:G,"Empate") | W57: =COUNTIFS(D:D,L57,G:G,"Empate") | X57: =COUNTIFS(C:C,L57,G:G,"Visitante") | Y57: =COUNTIFS(D:D,L57,G:G,"Local") | Z57: =SUMIF(C:C,L57,E:E) | AA57: =SUMIF(D:D,L57,F:F) | AB57: =SUMIF(C:C,L57,F:F) | AC57: =SUMIF(D:D,L57,E:E)
A58: 57 | B58: J | C58: Argentina | D58: Austria | E58: 1 | F58: 0 | G58: =IF(E58>F58,"Local",IF(E58=F58,"Empate","Visitante")) | H58: =E58-F58 | K58: 3 | L58: Jordania | M58: =(Q58*3)+R58 | N58: =O58-P58 | O58: =Z58+AA58 | P58: =AB58+AC58 | Q58: =T58+U58 | R58: =V58+W58 | S58: =X58+Y58 | T58: =COUNTIFS(C:C,L58,G:G,"Local") | U58: =COUNTIFS(D:D,L58,G:G,"Visitante") | V58: =COUNTIFS(C:C,L58,G:G,"Empate") | W58: =COUNTIFS(D:D,L58,G:G,"Empate") | X58: =COUNTIFS(C:C,L58,G:G,"Visitante") | Y58: =COUNTIFS(D:D,L58,G:G,"Local") | Z58: =SUMIF(C:C,L58,E:E) | AA58: =SUMIF(D:D,L58,F:F) | AB58: =SUMIF(C:C,L58,F:F) | AC58: =SUMIF(D:D,L58,E:E)
A59: 58 | B59: J | C59: Jordania | D59: Argelia | E59: 0 | F59: 0 | G59: =IF(E59>F59,"Local",IF(E59=F59,"Empate","Visitante")) | H59: =E59-F59 | K59: 4 | L59: Argelia | M59: =(Q59*3)+R59 | N59: =O59-P59 | O59: =Z59+AA59 | P59: =AB59+AC59 | Q59: =T59+U59 | R59: =V59+W59 | S59: =X59+Y59 | T59: =COUNTIFS(C:C,L59,G:G,"Local") | U59: =COUNTIFS(D:D,L59,G:G,"Visitante") | V59: =COUNTIFS(C:C,L59,G:G,"Empate") | W59: =COUNTIFS(D:D,L59,G:G,"Empate") | X59: =COUNTIFS(C:C,L59,G:G,"Visitante") | Y59: =COUNTIFS(D:D,L59,G:G,"Local") | Z59: =SUMIF(C:C,L59,E:E) | AA59: =SUMIF(D:D,L59,F:F) | AB59: =SUMIF(C:C,L59,F:F) | AC59: =SUMIF(D:D,L59,E:E)
A60: 59 | B60: J | C60: Argelia | D60: Austria | E60: 0 | F60: 1 | G60: =IF(E60>F60,"Local",IF(E60=F60,"Empate","Visitante")) | H60: =E60-F60
A61: 60 | B61: J | C61: Jordania | D61: Argentina | E61: 1 | F61: 2 | G61: =IF(E61>F61,"Local",IF(E61=F61,"Empate","Visitante")) | H61: =E61-F61 | J61: Grupo | K61: Posición | L61: Equipo | M61: Puntos | N61: Diferencia | O61: GF | P61: GC | Q61: Victorias | R61: Empates | S61: Derrotas | T61: Victorias_L | U61: Victorias_V | V61: Empates_L | W61: Empates_V | X61: Derrotas_L | Y61: Derrotas_V | Z61: GF_L | AA61: GF_V | AB61: GC_L | AC61: GC_V
A62: 61 | B62: K | C62: Portugal | D62: RD Congo | E62: 2 | F62: 1 | G62: =IF(E62>F62,"Local",IF(E62=F62,"Empate","Visitante")) | H62: =E62-F62 | J62: K | K62: 1 | L62: Portugal | M62: =(Q62*3)+R62 | N62: =O62-P62 | O62: =Z62+AA62 | P62: =AB62+AC62 | Q62: =T62+U62 | R62: =V62+W62 | S62: =X62+Y62 | T62: =COUNTIFS(C:C,L62,G:G,"Local") | U62: =COUNTIFS(D:D,L62,G:G,"Visitante") | V62: =COUNTIFS(C:C,L62,G:G,"Empate") | W62: =COUNTIFS(D:D,L62,G:G,"Empate") | X62: =COUNTIFS(C:C,L62,G:G,"Visitante") | Y62: =COUNTIFS(D:D,L62,G:G,"Local") | Z62: =SUMIF(C:C,L62,E:E) | AA62: =SUMIF(D:D,L62,F:F) | AB62: =SUMIF(C:C,L62,F:F) | AC62: =SUMIF(D:D,L62,E:E)
A63: 62 | B63: K | C63: Uzbekistán | D63: Colombia | E63: 0 | F63: 2 | G63: =IF(E63>F63,"Local",IF(E63=F63,"Empate","Visitante")) | H63: =E63-F63 | K63: 2 | L63: Colombia | M63: =(Q63*3)+R63 | N63: =O63-P63 | O63: =Z63+AA63 | P63: =AB63+AC63 | Q63: =T63+U63 | R63: =V63+W63 | S63: =X63+Y63 | T63: =COUNTIFS(C:C,L63,G:G,"Local") | U63: =COUNTIFS(D:D,L63,G:G,"Visitante") | V63: =COUNTIFS(C:C,L63,G:G,"Empate") | W63: =COUNTIFS(D:D,L63,G:G,"Empate") | X63: =COUNTIFS(C:C,L63,G:G,"Visitante") | Y63: =COUNTIFS(D:D,L63,G:G,"Local") | Z63: =SUMIF(C:C,L63,E:E) | AA63: =SUMIF(D:D,L63,F:F) | AB63: =SUMIF(C:C,L63,F:F) | AC63: =SUMIF(D:D,L63,E:E)
A64: 63 | B64: K | C64: Portugal | D64: Uzbekistán | E64: 3 | F64: 0 | G64: =IF(E64>F64,"Local",IF(E64=F64,"Empate","Visitante")) | H64: =E64-F64 | K64: 3 | L64: RD Congo | M64: =(Q64*3)+R64 | N64: =O64-P64 | O64: =Z64+AA64 | P64: =AB64+AC64 | Q64: =T64+U64 | R64: =V64+W64 | S64: =X64+Y64 | T64: =COUNTIFS(C:C,L64,G:G,"Local") | U64: =COUNTIFS(D:D,L64,G:G,"Visitante") | V64: =COUNTIFS(C:C,L64,G:G,"Empate") | W64: =COUNTIFS(D:D,L64,G:G,"Empate") | X64: =COUNTIFS(C:C,L64,G:G,"Visitante") | Y64: =COUNTIFS(D:D,L64,G:G,"Local") | Z64: =SUMIF(C:C,L64,E:E) | AA64: =SUMIF(D:D,L64,F:F) | AB64: =SUMIF(C:C,L64,F:F) | AC64: =SUMIF(D:D,L64,E:E)
A65: 64 | B65: K | C65: Colombia | D65: RD Congo | E65: 1 | F65: 1 | G65: =IF(E65>F65,"Local",IF(E65=F65,"Empate","Visitante")) | H65: =E65-F65 | K65: 4 | L65: Uzbekistán | M65: =(Q65*3)+R65 | N65: =O65-P65 | O65: =Z65+AA65 | P65: =AB65+AC65 | Q65: =T65+U65 | R65: =V65+W65 | S65: =X65+Y65 | T65: =COUNTIFS(C:C,L65,G:G,"Local") | U65: =COUNTIFS(D:D,L65,G:G,"Visitante") | V65: =COUNTIFS(C:C,L65,G:G,"Empate") | W65: =COUNTIFS(D:D,L65,G:G,"Empate") | X65: =COUNTIFS(C:C,L65,G:G,"Visitante") | Y65: =COUNTIFS(D:D,L65,G:G,"Local") | Z65: =SUMIF(C:C,L65,E:E) | AA65: =SUMIF(D:D,L65,F:F) | AB65: =SUMIF(C:C,L65,F:F) | AC65: =SUMIF(D:D,L65,E:E)
A66: 65 | B66: K | C66: Colombia | D66: Portugal | E66: 2 | F66: 2 | G66: =IF(E66>F66,"Local",IF(E66=F66,"Empate","Visitante")) | H66: =E66-F66
A67: 66 | B67: K | C67: RD Congo | D67: Uzbekistán | E67: 3 | F67: 1 | G67: =IF(E67>F67,"Local",IF(E67=F67,"Empate","Visitante")) | H67: =E67-F67 | J67: Grupo | K67: Posición | L67: Equipo | M67: Puntos | N67: Diferencia | O67: GF | P67: GC | Q67: Victorias | R67: Empates | S67: Derrotas | T67: Victorias_L | U67: Victorias_V | V67: Empates_L | W67: Empates_V | X67: Derrotas_L | Y67: Derrotas_V | Z67: GF_L | AA67: GF_V | AB67: GC_L | AC67: GC_V
A68: 67 | B68: L | C68: Inglaterra | D68: Croacia | E68: 2 | F68: 2 | G68: =IF(E68>F68,"Local",IF(E68=F68,"Empate","Visitante")) | H68: =E68-F68 | J68: L | K68: 1 | L68: Inglaterra | M68: =(Q68*3)+R68 | N68: =O68-P68 | O68: =Z68+AA68 | P68: =AB68+AC68 | Q68: =T68+U68 | R68: =V68+W68 | S68: =X68+Y68 | T68: =COUNTIFS(C:C,L68,G:G,"Local") | U68: =COUNTIFS(D:D,L68,G:G,"Visitante") | V68: =COUNTIFS(C:C,L68,G:G,"Empate") | W68: =COUNTIFS(D:D,L68,G:G,"Empate") | X68: =COUNTIFS(C:C,L68,G:G,"Visitante") | Y68: =COUNTIFS(D:D,L68,G:G,"Local") | Z68: =SUMIF(C:C,L68,E:E) | AA68: =SUMIF(D:D,L68,F:F) | AB68: =SUMIF(C:C,L68,F:F) | AC68: =SUMIF(D:D,L68,E:E)
A69: 68 | B69: L | C69: Ghana | D69: Panamá | E69: 3 | F69: 0 | G69: =IF(E69>F69,"Local",IF(E69=F69,"Empate","Visitante")) | H69: =E69-F69 | K69: 2 | L69: Croacia | M69: =(Q69*3)+R69 | N69: =O69-P69 | O69: =Z69+AA69 | P69: =AB69+AC69 | Q69: =T69+U69 | R69: =V69+W69 | S69: =X69+Y69 | T69: =COUNTIFS(C:C,L69,G:G,"Local") | U69: =COUNTIFS(D:D,L69,G:G,"Visitante") | V69: =COUNTIFS(C:C,L69,G:G,"Empate") | W69: =COUNTIFS(D:D,L69,G:G,"Empate") | X69: =COUNTIFS(C:C,L69,G:G,"Visitante") | Y69: =COUNTIFS(D:D,L69,G:G,"Local") | Z69: =SUMIF(C:C,L69,E:E) | AA69: =SUMIF(D:D,L69,F:F) | AB69: =SUMIF(C:C,L69,F:F) | AC69: =SUMIF(D:D,L69,E:E)
A70: 69 | B70: L | C70: Inglaterra | D70: Ghana | E70: 2 | F70: 0 | G70: =IF(E70>F70,"Local",IF(E70=F70,"Empate","Visitante")) | H70: =E70-F70 | K70: 3 | L70: Ghana | M70: =(Q70*3)+R70 | N70: =O70-P70 | O70: =Z70+AA70 | P70: =AB70+AC70 | Q70: =T70+U70 | R70: =V70+W70 | S70: =X70+Y70 | T70: =COUNTIFS(C:C,L70,G:G,"Local") | U70: =COUNTIFS(D:D,L70,G:G,"Visitante") | V70: =COUNTIFS(C:C,L70,G:G,"Empate") | W70: =COUNTIFS(D:D,L70,G:G,"Empate") | X70: =COUNTIFS(C:C,L70,G:G,"Visitante") | Y70: =COUNTIFS(D:D,L70,G:G,"Local") | Z70: =SUMIF(C:C,L70,E:E) | AA70: =SUMIF(D:D,L70,F:F) | AB70: =SUMIF(C:C,L70,F:F) | AC70: =SUMIF(D:D,L70,E:E)
A71: 70 | B71: L | C71: Panamá | D71: Croacia | E71: 1 | F71: 4 | G71: =IF(E71>F71,"Local",IF(E71=F71,"Empate","Visitante")) | H71: =E71-F71 | K71: 4 | L71: Panamá | M71: =(Q71*3)+R71 | N71: =O71-P71 | O71: =Z71+AA71 | P71: =AB71+AC71 | Q71: =T71+U71 | R71: =V71+W71 | S71: =X71+Y71 | T71: =COUNTIFS(C:C,L71,G:G,"Local") | U71: =COUNTIFS(D:D,L71,G:G,"Visitante") | V71: =COUNTIFS(C:C,L71,G:G,"Empate") | W71: =COUNTIFS(D:D,L71,G:G,"Empate") | X71: =COUNTIFS(C:C,L71,G:G,"Visitante") | Y71: =COUNTIFS(D:D,L71,G:G,"Local") | Z71: =SUMIF(C:C,L71,E:E) | AA71: =SUMIF(D:D,L71,F:F) | AB71: =SUMIF(C:C,L71,F:F) | AC71: =SUMIF(D:D,L71,E:E)
A72: 71 | B72: L | C72: Panamá | D72: Inglaterra | E72: 0 | F72: 3 | G72: =IF(E72>F72,"Local",IF(E72=F72,"Empate","Visitante")) | H72: =E72-F72
A73: 72 | B73: L | C73: Croacia | D73: Ghana | E73: 2 | F73: 1 | G73: =IF(E73>F73,"Local",IF(E73=F73,"Empate","Visitante")) | H73: =E73-F73
I74: Clasificación Terceros | J74: Grupo | K74: Posición | L74: Equipo | M74: Puntos | N74: Diferencia | O74: GF | P74: GC | Q74: Victorias | R74: Empates | S74: Derrotas
J75: K | K75: 1 | L75: RD Congo | M75: 4 | N75: 1 | O75: 5 | P75: 4 | Q75: 1 | R75: 1 | S75: 1
J76: A | K76: 2 | L76: República Checa | M76: 4 | N76: 0 | O76: 4 | P76: 4 | Q76: 1 | R76: 1 | S76: 1
J77: H | K77: 3 | L77: Arabia Saudí | M77: 4 | N77: 0 | O77: 4 | P77: 4 | Q77: 1 | R77: 1 | S77: 1
J78: E | K78: 4 | L78: Costa de Marfil | M78: 4 | N78: -1 | O78: 5 | P78: 6 | Q78: 1 | R78: 1 | S78: 1
J79: I | K79: 5 | L79: Senegal | M79: 4 | N79: -1 | O79: 4 | P79: 5 | Q79: 1 | R79: 1 | S79: 1
J80: L | K80: 6 | L80: Ghana | M80: 3 | N80: 0 | O80: 4 | P80: 4 | Q80: 1 | R80: 0 | S80: 2
J81: C | K81: 7 | L81: Escocia | M81: 3 | N81: -1 | O81: 6 | P81: 7 | Q81: 1 | R81: 0 | S81: 2
J82: B | K82: 8 | L82: Bosnia y Herzegovina | M82: 3 | N82: -3 | O82: 1 | P82: 4 | Q82: 1 | R82: 0 | S82: 2
J83: D | K83: 9 | L83: Australia | M83: 2 | N83: -2 | O83: 4 | P83: 6 | Q83: 0 | R83: 2 | S83: 1
J84: F | K84: 10 | L84: Suecia | M84: 1 | N84: -2 | O84: 2 | P84: 4 | Q84: 0 | R84: 1 | S84: 2
J85: J | K85: 11 | L85: Jordania | M85: 1 | N85: -2 | O85: 1 | P85: 3 | Q85: 0 | R85: 1 | S85: 2
J86: G | K86: 12 | L86: Nueva Zelanda | M86: 1 | N86: -4 | O86: 1 | P86: 5 | Q86: 0 | R86: 1 | S86: 2

Sheet Bracket_Hugo
A1: Dieciseisavos | D1: Octavos | G1: Cuartos | J1: Semifinal | M1: Tercero puesto | P1: Final | S1: Tercero | T1: Campeón
A2: 74 | B2: 1E | C2: Alemania | D2: 89 | E2: W74 | F2: Alemania | G2: 97 | H2: W89 | I2: Francia | J2: 101 | K2: W97 | L2: Francia | M2: 103 | N2: L101 | O2: Bélgica | P2: 104 | Q2: W101 | R2: Francia | S2: Brasil | T2: Francia
B3: 3ABCDF | C3: Escocia | E3: W77 | F3: Francia | H3: W90 | I3: Países Bajos | K3: W98 | L3: Bélgica | N3: L102 | O3: Brasil | Q3: W102 | R3: España
A4: 77 | B4: 1I | C4: Francia | D4: 90 | E4: W73 | F4: Canadá | G4: 98 | H4: W93 | I4: Colombia | J4: 102 | K4: W99 | L4: Brasil
B5: 3CDFGH | C5: Arabia Saudi | E5: W75 | F5: Países Bajos | H5: W94 | I5: Bélgica | K5: W100 | L5: España
A6: 73 | B6: 2A | C6: Sudáfrica | D6: 93 | E6: W83 | F6: Colombia | G6: 99 | H6: W91 | I6: Brasil
B7: 2B | C7: Canadá | E7: W84 | F7: Uruguay | H7: W92 | I7: Inglaterra
A8: 75 | B8: 1F | C8: Países Bajos | D8: 94 | E8: W81 | F8: Turquía | G8: 100 | H8: W95 | I8: España
B9: 2C | C9: Marruecos | E9: W82 | F9: Bélgica | H9: W96 | I9: Portugal
A10: 83 | B10: 2K | C10: Colombia | D10: 91 | E10: W76 | F10: Brasil
B11: 2L | C11: Croacia | E11: W78 | F11: Ecuador
A12: 84 | B12: 1H | C12: Uruguay | D12: 92 | E12: W79 | F12: México
B13: 2J | C13: Austria | E13: W80 | F13: Inglaterra
A14: 81 | B14: 1D | C14: Turquía | D14: 95 | E14: W86 | F14: España
B15: 3BEFIJ | C15: Bosnia y Herzegovina | E15: W88 | F15: Estados Unidos
A16: 82 | B16: 1G | C16: Bélgica | D16: 96 | E16: W85 | F16: Suiza
B17: 3AEHIJ | C17: República Checa | E17: W87 | F17: Portugal
A18: 76 | B18: 1C | C18: Brasil
B19: 2F | C19: Japón
A20: 78 | B20: 2E | C20: Ecuador
B21: 2I | C21: Noruega
A22: 79 | B22: 1A | C22: México
B23: 3CEFHI | C23: Costa de Marfil
A24: 80 | B24: 1L | C24: Inglaterra
B25: 3EHIJK | C25: RD Congo
A26: 86 | B26: 1J | C26: Argentina
B27: 2H | C27: España
A28: 88 | B28: 2D | C28: Estados Unidos
B29: 2G | C29: Egipto
A30: 85 | B30: 1B | C30: Suiza
B31: 3EFGIJ | C31: Senegal
A32: 87 | B32: 1K | C32: Portugal
B33: 3DEIJL | C33: Ghana

Sheet Playoffs_Hugo
A1: Dieciseisavos | B1: Octavos | C1: Cuartos | D1: Semifinal | E1: Tercero | F1: Final | G1: Campeón
A2: Alemania | B2: Alemania | C2: Francia | D2: Francia | E2: Brasil | F2: Francia | G2: Francia
A3: Escocia | B3: Francia | C3: Países Bajos | D3: Bélgica | F3: España
A4: Francia | B4: Canadá | C4: Colombia | D4: Brasil
A5: Arabia Saudi | B5: Países Bajos | C5: Bélgica | D5: España
A6: Sudáfrica | B6: Colombia | C6: Brasil
A7: Canadá | B7: Uruguay | C7: Inglaterra
A8: Países Bajos | B8: Turquía | C8: España
A9: Marruecos | B9: Bélgica | C9: Portugal
A10: Colombia | B10: Brasil
A11: Croacia | B11: Ecuador
A12: Uruguay | B12: México
A13: Austria | B13: Inglaterra
A14: Turquía | B14: España
A15: Bosnia y Herzegovina | B15: Estados Unidos
A16: Bélgica | B16: Suiza
A17: República Checa | B17: Portugal
A18: Brasil
A19: Japón
A20: Ecuador
A21: Noruega
A22: México
A23: Costa de Marfil
A24: Inglaterra
A25: RD Congo
A26: Argentina
A27: España
A28: Estados Unidos
A29: Egipto
... A33: Ghana

Sheet Playoffs_Predicciones_Hugo
A1: PARTIDOS DE DIECISEISAVOS
A2: Partido | B2: Local | C2: Visitante | D2: G_Local | E2: G_Visitante | F2: Resultado | G2: Diferencia
A3: 1 | B3: Alemania | C3: Paraguay | D3: 5 | E3: 0 | F3: =IF(D3>E3,"Local",IF(D3=E3,"Empate","Visitante")) | G3: =D3-E3
A4: 2 | B4: Francia | C4: Suecia | D4: 4 | E4: 1 | F4: =IF(D4>E4,"Local",IF(D4=E4,"Empate","Visitante")) | G4: =D4-E4
A5: 3 | B5: Sudáfrica | C5: Canadá | D5: 1 | E5: 3 | F5: =IF(D5>E5,"Local",IF(D5=E5,"Empate","Visitante")) | G5: =D5-E5
A6: 4 | B6: Países Bajos | C6: Marruecos | D6: 3 | E6: 1 | F6: =IF(D6>E6,"Local",IF(D6=E6,"Empate","Visitante")) | G6: =D6-E6
A7: 5 | B7: Portugal | C7: Croacia | D7: 2 | E7: 1 | F7: =IF(D7>E7,"Local",IF(D7=E7,"Empate","Visitante")) | G7: =D7-E7
A8: 6 | B8: España | C8: Austria | D8: 4 | E8: 1 | F8: =IF(D8>E8,"Local",IF(D8=E8,"Empate","Visitante")) | G8: =D8-E8
A9: 7 | B9: Estados Unidos | C9: Bosnia y Herzegovina | D9: 4 | E9: 2 | F9: =IF(D9>E9,"Local",IF(D9=E9,"Empate","Visitante")) | G9: =D9-E9
A10: 8 | B10: Bélgica | C10: Senegal | D10: 2 | E10: 2 | F10: =IF(D10>E10,"Local",IF(D10=E10,"Empate","Visitante")) | G10: =D10-E10
A11: 9 | B11: Brasil | C11: Japón | D11: 4 | E11: 2 | F11: =IF(D11>E11,"Local",IF(D11=E11,"Empate","Visitante")) | G11: =D11-E11
A12: 10 | B12: Costa de Marfil | C12: Noruega | D12: 1 | E12: 2 | F12: =IF(D12>E12,"Local",IF(D12=E12,"Empate","Visitante")) | G12: =D12-E12
A13: 11 | B13: México | C13: Ecuador | D13: 3 | E13: 0 | F13: =IF(D13>E13,"Local",IF(D13=E13,"Empate","Visitante")) | G13: =D13-E13
A14: 12 | B14: Inglaterra | C14: RD Congo | D14: 2 | E14: 1 | F14: =IF(D14>E14,"Local",IF(D14=E14,"Empate","Visitante")) | G14: =D14-E14
... A18: 16 | B18: Colombia | C18: Ghana | D18: 2 | E18: 0 | F18: =IF(D18>E18,"Local",IF(D18=E18,"Empate","Visitante")) | G18: =D18-E18
A20: PARTIDOS DE OCTAVOS DE FINAL
A21: Partido | B21: Local | C21: Visitante | D21: G_Local | E21: G_Visitante | F21: Resultado | G21: Diferencia
A22: 1 | B22: Paraguay | C22: Francia | D22: 0 | E22: 3 | F22: =IF(D22>E22,"Local",IF(D22=E22,"Empate","Visitante")) | G22: =D22-E22
A23: 2 | B23: Canadá | C23: Marruecos | D23: 1 | E23: 1 | F23: =IF(D23>E23,"Local",IF(D23=E23,"Empate","Visitante")) | G23: =D23-E23
A24: 3 | B24: Portugal | C24: España | D24: 1 | E24: 2 | F24: =IF(D24>E24,"Local",IF(D24=E24,"Empate","Visitante")) | G24: =D24-E24
A25: 4 | B25: Estados Unidos | C25: Bélgica | D25: 3 | E25: 1 | F25: =IF(D25>E25,"Local",IF(D25=E25,"Empate","Visitante")) | G25: =D25-E25
A26: 5 | B26: Brasil | C26: Noruega | D26: 3 | E26: 2 | F26: =IF(D26>E26,"Local",IF(D26=E26,"Empate","Visitante")) | G26: =D26-E26
A27: 6 | B27: México | C27: Inglaterra | D27: 1 | E27: 1 | F27: =IF(D27>E27,"Local",IF(D27=E27,"Empate","Visitante")) | G27: =D27-E27
A28: 7 | B28: Argentina | C28: Egipto | D28: 2 | E28: 0 | F28: =IF(D28>E28,"Local",IF(D28=E28,"Empate","Visitante")) | G28: =D28-E28
A29: 8 | B29: Suiza | C29: Colombia | D29: 1 | E29: 2 | F29: =IF(D29>E29,"Local",IF(D29=E29,"Empate","Visitante")) | G29: =D29-E29
A31: PARTIDOS DE CUARTOS DE FINAL
A32: Partido | B32: Local | C32: Visitante | D32: G_Local | E32: G_Visitante | F32: Resultado | G32: Diferencia
A33: 1 | B33: Francia | C33: Marruecos | D33: 2 | E33: 1 | F33: =IF(D33>E33,"Local",IF(D33=E33,"Empate","Visitante")) | G33: =D33-E33
A34: 2 | B34: España | C34: Bélgica | D34: 1 | E34: 2 | F34: =IF(D34>E34,"Local",IF(D34=E34,"Empate","Visitante")) | G34: =D34-E34
A35: 3 | B35: Noruega | C35: Inglaterra | D35: 3 | E35: 1 | F35: =IF(D35>E35,"Local",IF(D35=E35,"Empate","Visitante")) | G35: =D35-E35
A36: 4 | B36: Argentina | C36: Suiza | D36: 2 | E36: 1 | F36: =IF(D36>E36,"Local",IF(D36=E36,"Empate","Visitante")) | G36: =D36-E36
A38: PARTIDOS DE SEMIFINAL
A39: Partido | B39: Local | C39: Visitante | D39: G_Local | E39: G_Visitante | F39: Resultado | G39: Diferencia
A40: 1 | B40: Francia | C40: España | D40: 2 | E40: 0 | F40: =IF(D40>E40,"Local",IF(D40=E40,"Empate","Visitante")) | G40: =D40-E40
A41: 2 | B41: Inglaterra | C41: Argentina | D41: 2 | E41: 1 | F41: =IF(D41>E41,"Local",IF(D41=E41,"Empate","Visitante")) | G41: =D41-E41
A43: PARTIDOS DE TERCEROS
A44: Partido | B44: Local | C44: Visitante | D44: G_Local | E44: G_Visitante | F44: Resultado | G44: Diferencia
A45: 1 | B45: Francia | C45: Inglaterra | D45: 2 | E45: 1 | F45: =IF(D45>E45,"Local",IF(D45=E45,"Empate","Visitante")) | G45: =D45-E45
A47: PARTIDOS DE FINAL
A48: Partido | B48: Local | C48: Visitante | D48: G_Local | E48: G_Visitante | F48: Resultado | G48: Diferencia
A49: 1 | B49: España | C49: Argentina | D49: 1 | E49: 2 | F49: =IF(D49>E49,"Local",IF(D49=E49,"Empate","Visitante")) | G49: =D49-E49

Sheet Predicciones_Oscar
A1: Partido | B1: Grupo | C1: Local | D1: Visitante | E1: G_Local | F1: G_Visitante | G1: Resultado | H1: Diferencia | J1: Grupo | K1: Posición | L1: Equipo | M1: Puntos | N1: Diferencia | O1: GF | P1: GC | Q1: Victorias | R1: Empates | S1: Derrotas | T1: Victorias_L | U1: Victorias_V | V1: Empates_L | W1: Empates_V | X1: Derrotas_L | Y1: Derrotas_V | Z1: GF_L | AA1: GF_V | AB1: GC_L | AC1: GC_V
A2: 1 | B2: A | C2: México | D2: Sudáfrica | E2: 2 | F2: 1 | G2: =IF(E2>F2,"Local",IF(E2=F2,"Empate","Visitante")) | H2: =E2-F2 | J2: A | K2: 1 | L2: México | M2: =(Q2*3)+R2 | N2: =O2-P2 | O2: =Z2+AA2 | P2: =AB2+AC2 | Q2: =T2+U2 | R2: =V2+W2 | S2: =X2+Y2 | T2: =COUNTIFS(C:C,L2,G:G,"Local") | U2: =COUNTIFS(D:D,L2,G:G,"Visitante") | V2: =COUNTIFS(C:C,L2,G:G,"Empate") | W2: =COUNTIFS(D:D,L2,G:G,"Empate") | X2: =COUNTIFS(C:C,L2,G:G,"Visitante") | Y2: =COUNTIFS(D:D,L2,G:G,"Local") | Z2: =SUMIF(C:C,L2,E:E) | AA2: =SUMIF(D:D,L2,F:F) | AB2: =SUMIF(C:C,L2,F:F) | AC2: =SUMIF(D:D,L2,E:E)
A3: 2 | B3: A | C3: Corea del Sur | D3: República Checa | E3: 1 | F3: 1 | G3: =IF(E3>F3,"Local",IF(E3=F3,"Empate","Visitante")) | H3: =E3-F3 | K3: 2 | L3: República Checa | M3: =(Q3*3)+R3 | N3: =O3-P3 | O3: =Z3+AA3 | P3: =AB3+AC3 | Q3: =T3+U3 | R3: =V3+W3 | S3: =X3+Y3 | T3: =COUNTIFS(C:C,L3,G:G,"Local") | U3: =COUNTIFS(D:D,L3,G:G,"Visitante") | V3: =COUNTIFS(C:C,L3,G:G,"Empate") | W3: =COUNTIFS(D:D,L3,G:G,"Empate") | X3: =COUNTIFS(C:C,L3,G:G,"Visitante") | Y3: =COUNTIFS(D:D,L3,G:G,"Local") | Z3: =SUMIF(C:C,L3,E:E) | AA3: =SUMIF(D:D,L3,F:F) | AB3: =SUMIF(C:C,L3,F:F) | AC3: =SUMIF(D:D,L3,E:E)
A4: 3 | B4: A | C4: República Checa | D4: Sudáfrica | E4: 2 | F4: 0 | G4: =IF(E4>F4,"Local",IF(E4=F4,"Empate","Visitante")) | H4: =E4-F4 | K4: 3 | L4: Corea del Sur | M4: =(Q4*3)+R4 | N4: =O4-P4 | O4: =Z4+AA4 | P4: =AB4+AC4 | Q4: =T4+U4 | R4: =V4+W4 | S4: =X4+Y4 | T4: =COUNTIFS(C:C,L4,G:G,"Local") | U4: =COUNTIFS(D:D,L4,G:G,"Visitante") | V4: =COUNTIFS(C:C,L4,G:G,"Empate") | W4: =COUNTIFS(D:D,L4,G:G,"Empate") | X4: =COUNTIFS(C:C,L4,G:G,"Visitante") | Y4: =COUNTIFS(D:D,L4,G:G,"Local") | Z4: =SUMIF(C:C,L4,E:E) | AA4: =SUMIF(D:D,L4,F:F) | AB4: =SUMIF(C:C,L4,F:F) | AC4: =SUMIF(D:D,L4,E:E)
A5: 4 | B5: A | C5: México | D5: Corea del Sur | E5: 2 | F5: 1 | G5: =IF(E5>F5,"Local",IF(E5=F5,"Empate","Visitante")) | H5: =E5-F5 | K5: 4 | L5: Sudáfrica | M5: =(Q5*3)+R5 | N5: =O5-P5 | O5: =Z5+AA5 | P5: =AB5+AC5 | Q5: =T5+U5 | R5: =V5+W5 | S5: =X5+Y5 | T5: =COUNTIFS(C:C,L5,G:G,"Local") | U5: =COUNTIFS(D:D,L5,G:G,"Visitante") | V5: =COUNTIFS(C:C,L5,G:G,"Empate") | W5: =COUNTIFS(D:D,L5,G:G,"Empate") | X5: =COUNTIFS(C:C,L5,G:G,"Visitante") | Y5: =COUNTIFS(D:D,L5,G:G,"Local") | Z5: =SUMIF(C:C,L5,E:E) | AA5: =SUMIF(D:D,L5,F:F) | AB5: =SUMIF(C:C,L5,F:F) | AC5: =SUMIF(D:D,L5,E:E)
A6: 5 | B6: A | C6: República Checa | D6: México | E6: 1 | F6: 1 | G6: =IF(E6>F6,"Local",IF(E6=F6,"Empate","Visitante")) | H6: =E6-F6
A7: 6 | B7: A | C7: Sudáfrica | D7: Corea del Sur | E7: 1 | F7: 2 | G7: =IF(E7>F7,"Local",IF(E7=F7,"Empate","Visitante")) | H7: =E7-F7 | J7: Grupo | K7: Posición | L7: Equipo | M7: Puntos | N7: Diferencia | O7: GF | P7: GC | Q7: Victorias | R7: Empates | S7: Derrotas | T7: Victorias_L | U7: Victorias_V | V7: Empates_L | W7: Empates_V | X7: Derrotas_L | Y7: Derrotas_V | Z7: GF_L | AA7: GF_V | AB7: GC_L | AC7: GC_V
A8: 7 | B8: B | C8: Canadá | D8: Bosnia y Herzegovina | E8: 2 | F8: 1 | G8: =IF(E8>F8,"Local",IF(E8=F8,"Empate","Visitante")) | H8: =E8-F8 | J8: B | K8: 1 | L8: Suiza | M8: =(Q8*3)+R8 | N8: =O8-P8 | O8: =Z8+AA8 | P8: =AB8+AC8 | Q8: =T8+U8 | R8: =V8+W8 | S8: =X8+Y8 | T8: =COUNTIFS(C:C,L8,G:G,"Local") | U8: =COUNTIFS(D:D,L8,G:G,"Visitante") | V8: =COUNTIFS(C:C,L8,G:G,"Empate") | W8: =COUNTIFS(D:D,L8,G:G,"Empate") | X8: =COUNTIFS(C:C,L8,G:G,"Visitante") | Y8: =COUNTIFS(D:D,L8,G:G,"Local") | Z8: =SUMIF(C:C,L8,E:E) | AA8: =SUMIF(D:D,L8,F:F) | AB8: =SUMIF(C:C,L8,F:F) | AC8: =SUMIF(D:D,L8,E:E)
A9: 8 | B9: B | C9: Catar | D9: Suiza | E9: 0 | F9: 2 | G9: =IF(E9>F9,"Local",IF(E9=F9,"Empate","Visitante")) | H9: =E9-F9 | K9: 2 | L9: Canadá | M9: =(Q9*3)+R9 | N9: =O9-P9 | O9: =Z9+AA9 | P9: =AB9+AC9 | Q9: =T9+U9 | R9: =V9+W9 | S9: =X9+Y9 | T9: =COUNTIFS(C:C,L9,G:G,"Local") | U9: =COUNTIFS(D:D,L9,G:G,"Visitante") | V9: =COUNTIFS(C:C,L9,G:G,"Empate") | W9: =COUNTIFS(D:D,L9,G:G,"Empate") | X9: =COUNTIFS(C:C,L9,G:G,"Visitante") | Y9: =COUNTIFS(D:D,L9,G:G,"Local") | Z9: =SUMIF(C:C,L9,E:E) | AA9: =SUMIF(D:D,L9,F:F) | AB9: =SUMIF(C:C,L9,F:F) | AC9: =SUMIF(D:D,L9,E:E)
A10: 9 | B10: B | C10: Suiza | D10: Bosnia y Herzegovina | E10: 2 | F10: 0 | G10: =IF(E10>F10,"Local",IF(E10=F10,"Empate","Visitante")) | H10: =E10-F10 | K10: 3 | L10: Bosnia y Herzegovina | M10: =(Q10*3)+R10 | N10: =O10-P10 | O10: =Z10+AA10 | P10: =AB10+AC10 | Q10: =T10+U10 | R10: =V10+W10 | S10: =X10+Y10 | T10: =COUNTIFS(C:C,L10,G:G,"Local") | U10: =COUNTIFS(D:D,L10,G:G,"Visitante") | V10: =COUNTIFS(C:C,L10,G:G,"Empate") | W10: =COUNTIFS(D:D,L10,G:G,"Empate") | X10: =COUNTIFS(C:C,L10,G:G,"Visitante") | Y10: =COUNTIFS(D:D,L10,G:G,"Local") | Z10: =SUMIF(C:C,L10,E:E) | AA10: =SUMIF(D:D,L10,F:F) | AB10: =SUMIF(C:C,L10,F:F) | AC10: =SUMIF(D:D,L10,E:E)
A11: 10 | B11: B | C11: Canadá | D11: Catar | E11: 2 | F11: 0 | G11: =IF(E11>F11,"Local",IF(E11=F11,"Empate","Visitante")) | H11: =E11-F11 | K11: 4 | L11: Catar | M11: =(Q11*3)+R11 | N11: =O11-P11 | O11: =Z11+AA11 | P11: =AB11+AC11 | Q11: =T11+U11 | R11: =V11+W11 | S11: =X11+Y11 | T11: =COUNTIFS(C:C,L11,G:G,"Local") | U11: =COUNTIFS(D:D,L11,G:G,"Visitante") | V11: =COUNTIFS(C:C,L11,G:G,"Empate") | W11: =COUNTIFS(D:D,L11,G:G,"Empate") | X11: =COUNTIFS(C:C,L11,G:G,"Visitante") | Y11: =COUNTIFS(D:D,L11,G:G,"Local") | Z11: =SUMIF(C:C,L11,E:E) | AA11: =SUMIF(D:D,L11,F:F) | AB11: =SUMIF(C:C,L11,F:F) | AC11: =SUMIF(D:D,L11,E:E)
A12: 11 | B12: B | C12: Suiza | D12: Canadá | E12: 1 | F12: 1 | G12: =IF(E12>F12,"Local",IF(E12=F12,"Empate","Visitante")) | H12: =E12-F12
A13: 12 | B13: B | C13: Bosnia y Herzegovina | D13: Catar | E13: 2 | F13: 1 | G13: =IF(E13>F13,"Local",IF(E13=F13,"Empate","Visitante")) | H13: =E13-F13 | J13: Grupo | K13: Posición | L13: Equipo | M13: Puntos | N13: Diferencia | O13: GF | P13: GC | Q13: Victorias | R13: Empates | S13: Derrotas | T13: Victorias_L | U13: Victorias_V | V13: Empates_L | W13: Empates_V | X13: Derrotas_L | Y13: Derrotas_V | Z13: GF_L | AA13: GF_V | AB13: GC_L | AC13: GC_V
A14: 13 | B14: C | C14: Brasil | D14: Marruecos | E14: 2 | F14: 1 | G14: =IF(E14>F14,"Local",IF(E14=F14,"Empate","Visitante")) | H14: =E14-F14 | J14: C | K14: 1 | L14: Brasil | M14: =(Q14*3)+R14 | N14: =O14-P14 | O14: =Z14+AA14 | P14: =AB14+AC14 | Q14: =T14+U14 | R14: =V14+W14 | S14: =X14+Y14 | T14: =COUNTIFS(C:C,L14,G:G,"Local") | U14: =COUNTIFS(D:D,L14,G:G,"Visitante") | V14: =COUNTIFS(C:C,L14,G:G,"Empate") | W14: =COUNTIFS(D:D,L14,G:G,"Empate") | X14: =COUNTIFS(C:C,L14,G:G,"Visitante") | Y14: =COUNTIFS(D:D,L14,G:G,"Local") | Z14: =SUMIF(C:C,L14,E:E) | AA14: =SUMIF(D:D,L14,F:F) | AB14: =SUMIF(C:C,L14,F:F) | AC14: =SUMIF(D:D,L14,E:E)
A15: 14 | B15: C | C15: Haití | D15: Escocia | E15: 0 | F15: 2 | G15: =IF(E15>F15,"Local",IF(E15=F15,"Empate","Visitante")) | H15: =E15-F15 | K15: 2 | L15: Marruecos | M15: =(Q15*3)+R15 | N15: =O15-P15 | O15: =Z15+AA15 | P15: =AB15+AC15 | Q15: =T15+U15 | R15: =V15+W15 | S15: =X15+Y15 | T15: =COUNTIFS(C:C,L15,G:G,"Local") | U15: =COUNTIFS(D:D,L15,G:G,"Visitante") | V15: =COUNTIFS(C:C,L15,G:G,"Empate") | W15: =COUNTIFS(D:D,L15,G:G,"Empate") | X15: =COUNTIFS(C:C,L15,G:G,"Visitante") | Y15: =COUNTIFS(D:D,L15,G:G,"Local") | Z15: =SUMIF(C:C,L15,E:E) | AA15: =SUMIF(D:D,L15,F:F) | AB15: =SUMIF(C:C,L15,F:F) | AC15: =SUMIF(D:D,L15,E:E)
A16: 15 | B16: C | C16: Escocia | D16: Marruecos | E16: 1 | F16: 2 | G16: =IF(E16>F16,"Local",IF(E16=F16,"Empate","Visitante")) | H16: =E16-F16 | K16: 3 | L16: Escocia | M16: =(Q16*3)+R16 | N16: =O16-P16 | O16: =Z16+AA16 | P16: =AB16+AC16 | Q16: =T16+U16 | R16: =V16+W16 | S16: =X16+Y16 | T16: =COUNTIFS(C:C,L16,G:G,"Local") | U16: =COUNTIFS(D:D,L16,G:G,"Visitante") | V16: =COUNTIFS(C:C,L16,G:G,"Empate") | W16: =COUNTIFS(D:D,L16,G:G,"Empate") | X16: =COUNTIFS(C:C,L16,G:G,"Visitante") | Y16: =COUNTIFS(D:D,L16,G:G,"Local") | Z16: =SUMIF(C:C,L16,E:E) | AA16: =SUMIF(D:D,L16,F:F) | AB16: =SUMIF(C:C,L16,F:F) | AC16: =SUMIF(D:D,L16,E:E)
A17: 16 | B17: C | C17: Brasil | D17: Haití | E17: 4 | F17: 0 | G17: =IF(E17>F17,"Local",IF(E17=F17,"Empate","Visitante")) | H17: =E17-F17 | K17: 4 | L17: Haití | M17: =(Q17*3)+R17 | N17: =O17-P17 | O17: =Z17+AA17 | P17: =AB17+AC17 | Q17: =T17+U17 | R17: =V17+W17 | S17: =X17+Y17 | T17: =COUNTIFS(C:C,L17,G:G,"Local") | U17: =COUNTIFS(D:D,L17,G:G,"Visitante") | V17: =COUNTIFS(C:C,L17,G:G,"Empate") | W17: =COUNTIFS(D:D,L17,G:G,"Empate") | X17: =COUNTIFS(C:C,L17,G:G,"Visitante") | Y17: =COUNTIFS(D:D,L17,G:G,"Local") | Z17: =SUMIF(C:C,L17,E:E) | AA17: =SUMIF(D:D,L17,F:F) | AB17: =SUMIF(C:C,L17,F:F) | AC17: =SUMIF(D:D,L17,E:E)
A18: 17 | B18: C | C18: Escocia | D18: Brasil | E18: 1 | F18: 3 | G18: =IF(E18>F18,"Local",IF(E18=F18,"Empate","Visitante")) | H18: =E18-F18
A19: 18 | B19: C | C19: Marruecos | D19: Haití | E19: 3 | F19: 0 | G19: =IF(E19>F19,"Local",IF(E19=F19,"Empate","Visitante")) | H19: =E19-F19 | J19: Grupo | K19: Posición | L19: Equipo | M19: Puntos | N19: Diferencia | O19: GF | P19: GC | Q19: Victorias | R19: Empates | S19: Derrotas | T19: Victorias_L | U19: Victorias_V | V19: Empates_L | W19: Empates_V | X19: Derrotas_L | Y19: Derrotas_V | Z19: GF_L | AA19: GF_V | AB19: GC_L | AC19: GC_V
A20: 19 | B20: D | C20: Estados Unidos | D20: Paraguay | E20: 1 | F20: 2 | G20: =IF(E20>F20,"Local",IF(E20=F20,"Empate","Visitante")) | H20: =E20-F20 | J20: D | K20: 1 | L20: Turquía | M20: =(Q20*3)+R20 | N20: =O20-P20 | O20: =Z20+AA20 | P20: =AB20+AC20 | Q20: =T20+U20 | R20: =V20+W20 | S20: =X20+Y20 | T20: =COUNTIFS(C:C,L20,G:G,"Local") | U20: =COUNTIFS(D:D,L20,G:G,"Visitante") | V20: =COUNTIFS(C:C,L20,G:G,"Empate") | W20: =COUNTIFS(D:D,L20,G:G,"Empate") | X20: =COUNTIFS(C:C,L20,G:G,"Visitante") | Y20: =COUNTIFS(D:D,L20,G:G,"Local") | Z20: =SUMIF(C:C,L20,E:E) | AA20: =SUMIF(D:D,L20,F:F) | AB20: =SUMIF(C:C,L20,F:F) | AC20: =SUMIF(D:D,L20,E:E)
A21: 20 | B21: D | C21: Australia | D21: Turquía | E21: 0 | F21: 2 | G21: =IF(E21>F21,"Local",IF(E21=F21,"Empate","Visitante")) | H21: =E21-F21 | K21: 2 | L21: Paraguay | M21: =(Q21*3)+R21 | N21: =O21-P21 | O21: =Z21+AA21 | P21: =AB21+AC21 | Q21: =T21+U21 | R21: =V21+W21 | S21: =X21+Y21 | T21: =COUNTIFS(C:C,L21,G:G,"Local") | U21: =COUNTIFS(D:D,L21,G:G,"Visitante") | V21: =COUNTIFS(C:C,L21,G:G,"Empate") | W21: =COUNTIFS(D:D,L21,G:G,"Empate") | X21: =COUNTIFS(C:C,L21,G:G,"Visitante") | Y21: =COUNTIFS(D:D,L21,G:G,"Local") | Z21: =SUMIF(C:C,L21,E:E) | AA21: =SUMIF(D:D,L21,F:F) | AB21: =SUMIF(C:C,L21,F:F) | AC21: =SUMIF(D:D,L21,E:E)
A22: 21 | B22: D | C22: Estados Unidos | D22: Australia | E22: 2 | F22: 1 | G22: =IF(E22>F22,"Local",IF(E22=F22,"Empate","Visitante")) | H22: =E22-F22 | K22: 3 | L22: Estados Unidos | M22: =(Q22*3)+R22 | N22: =O22-P22 | O22: =Z22+AA22 | P22: =AB22+AC22 | Q22: =T22+U22 | R22: =V22+W22 | S22: =X22+Y22 | T22: =COUNTIFS(C:C,L22,G:G,"Local") | U22: =COUNTIFS(D:D,L22,G:G,"Visitante") | V22: =COUNTIFS(C:C,L22,G:G,"Empate") | W22: =COUNTIFS(D:D,L22,G:G,"Empate") | X22: =COUNTIFS(C:C,L22,G:G,"Visitante") | Y22: =COUNTIFS(D:D,L22,G:G,"Local") | Z22: =SUMIF(C:C,L22,E:E) | AA22: =SUMIF(D:D,L22,F:F) | AB22: =SUMIF(C:C,L22,F:F) | AC22: =SUMIF(D:D,L22,E:E)
A23: 22 | B23: D | C23: Turquía | D23: Paraguay | E23: 1 | F23: 1 | G23: =IF(E23>F23,"Local",IF(E23=F23,"Empate","Visitante")) | H23: =E23-F23 | K23: 4 | L23: Australia | M23: =(Q23*3)+R23 | N23: =O23-P23 | O23: =Z23+AA23 | P23: =AB23+AC23 | Q23: =T23+U23 | R23: =V23+W23 | S23: =X23+Y23 | T23: =COUNTIFS(C:C,L23,G:G,"Local") | U23: =COUNTIFS(D:D,L23,G:G,"Visitante") | V23: =COUNTIFS(C:C,L23,G:G,"Empate") | W23: =COUNTIFS(D:D,L23,G:G,"Empate") | X23: =COUNTIFS(C:C,L23,G:G,"Visitante") | Y23: =COUNTIFS(D:D,L23,G:G,"Local") | Z23: =SUMIF(C:C,L23,E:E) | AA23: =SUMIF(D:D,L23,F:F) | AB23: =SUMIF(C:C,L23,F:F) | AC23: =SUMIF(D:D,L23,E:E)
A24: 23 | B24: D | C24: Turquía | D24: Estados Unidos | E24: 3 | F24: 1 | G24: =IF(E24>F24,"Local",IF(E24=F24,"Empate","Visitante")) | H24: =E24-F24
A25: 24 | B25: D | C25: Paraguay | D25: Australia | E25: 3 | F25: 1 | G25: =IF(E25>F25,"Local",IF(E25=F25,"Empate","Visitante")) | H25: =E25-F25 | J25: Grupo | K25: Posición | L25: Equipo | M25: Puntos | N25: Diferencia | O25: GF | P25: GC | Q25: Victorias | R25: Empates | S25: Derrotas | T25: Victorias_L | U25: Victorias_V | V25: Empates_L | W25: Empates_V | X25: Derrotas_L | Y25: Derrotas_V | Z25: GF_L | AA25: GF_V | AB25: GC_L | AC25: GC_V
A26: 25 | B26: E | C26: Alemania | D26: Curazao | E26: 4 | F26: 0 | G26: =IF(E26>F26,"Local",IF(E26=F26,"Empate","Visitante")) | H26: =E26-F26 | J26: E | K26: 1 | L26: Alemania | M26: =(Q26*3)+R26 | N26: =O26-P26 | O26: =Z26+AA26 | P26: =AB26+AC26 | Q26: =T26+U26 | R26: =V26+W26 | S26: =X26+Y26 | T26: =COUNTIFS(C:C,L26,G:G,"Local") | U26: =COUNTIFS(D:D,L26,G:G,"Visitante") | V26: =COUNTIFS(C:C,L26,G:G,"Empate") | W26: =COUNTIFS(D:D,L26,G:G,"Empate") | X26: =COUNTIFS(C:C,L26,G:G,"Visitante") | Y26: =COUNTIFS(D:D,L26,G:G,"Local") | Z26: =SUMIF(C:C,L26,E:E) | AA26: =SUMIF(D:D,L26,F:F) | AB26: =SUMIF(C:C,L26,F:F) | AC26: =SUMIF(D:D,L26,E:E)
A27: 26 | B27: E | C27: Costa de Marfil | D27: Ecuador | E27: 1 | F27: 1 | G27: =IF(E27>F27,"Local",IF(E27=F27,"Empate","Visitante")) | H27: =E27-F27 | K27: 2 | L27: Ecuador | M27: =(Q27*3)+R27 | N27: =O27-P27 | O27: =Z27+AA27 | P27: =AB27+AC27 | Q27: =T27+U27 | R27: =V27+W27 | S27: =X27+Y27 | T27: =COUNTIFS(C:C,L27,G:G,"Local") | U27: =COUNTIFS(D:D,L27,G:G,"Visitante") | V27: =COUNTIFS(C:C,L27,G:G,"Empate") | W27: =COUNTIFS(D:D,L27,G:G,"Empate") | X27: =COUNTIFS(C:C,L27,G:G,"Visitante") | Y27: =COUNTIFS(D:D,L27,G:G,"Local") | Z27: =SUMIF(C:C,L27,E:E) | AA27: =SUMIF(D:D,L27,F:F) | AB27: =SUMIF(C:C,L27,F:F) | AC27: =SUMIF(D:D,L27,E:E)
A28: 27 | B28: E | C28: Alemania | D28: Costa de Marfil | E28: 3 | F28: 1 | G28: =IF(E28>F28,"Local",IF(E28=F28,"Empate","Visitante")) | H28: =E28-F28 | K28: 3 | L28: Costa de Marfil | M28: =(Q28*3)+R28 | N28: =O28-P28 | O28: =Z28+AA28 | P28: =AB28+AC28 | Q28: =T28+U28 | R28: =V28+W28 | S28: =X28+Y28 | T28: =COUNTIFS(C:C,L28,G:G,"Local") | U28: =COUNTIFS(D:D,L28,G:G,"Visitante") | V28: =COUNTIFS(C:C,L28,G:G,"Empate") | W28: =COUNTIFS(D:D,L28,G:G,"Empate") | X28: =COUNTIFS(C:C,L28,G:G,"Visitante") | Y28: =COUNTIFS(D:D,L28,G:G,"Local") | Z28: =SUMIF(C:C,L28,E:E) | AA28: =SUMIF(D:D,L28,F:F) | AB28: =SUMIF(C:C,L28,F:F) | AC28: =SUMIF(D:D,L28,E:E)
A29: 28 | B29: E | C29: Ecuador | D29: Curazao | E29: 3 | F29: 0 | G29: =IF(E29>F29,"Local",IF(E29=F29,"Empate","Visitante")) | H29: =E29-F29 | K29: 4 | L29: Curazao | M29: =(Q29*3)+R29 | N29: =O29-P29 | O29: =Z29+AA29 | P29: =AB29+AC29 | Q29: =T29+U29 | R29: =V29+W29 | S29: =X29+Y29 | T29: =COUNTIFS(C:C,L29,G:G,"Local") | U29: =COUNTIFS(D:D,L29,G:G,"Visitante") | V29: =COUNTIFS(C:C,L29,G:G,"Empate") | W29: =COUNTIFS(D:D,L29,G:G,"Empate") | X29: =COUNTIFS(C:C,L29,G:G,"Visitante") | Y29: =COUNTIFS(D:D,L29,G:G,"Local") | Z29: =SUMIF(C:C,L29,E:E) | AA29: =SUMIF(D:D,L29,F:F) | AB29: =SUMIF(C:C,L29,F:F) | AC29: =SUMIF(D:D,L29,E:E)
A30: 29 | B30: E | C30: Curazao | D30: Costa de Marfil | E30: 0 | F30: 3 | G30: =IF(E30>F30,"Local",IF(E30=F30,"Empate","Visitante")) | H30: =E30-F30
A31: 30 | B31: E | C31: Ecuador | D31: Alemania | E31: 1 | F31: 2 | G31: =IF(E31>F31,"Local",IF(E31=F31,"Empate","Visitante")) | H31: =E31-F31 | J31: Grupo | K31: Posición | L31: Equipo | M31: Puntos | N31: Diferencia | O31: GF | P31: GC | Q31: Victorias | R31: Empates | S31: Derrotas | T31: Victorias_L | U31: Victorias_V | V31: Empates_L | W31: Empates_V | X31: Derrotas_L | Y31: Derrotas_V | Z31: GF_L | AA31: GF_V | AB31: GC_L | AC31: GC_V
A32: 31 | B32: F | C32: Países Bajos | D32: Japón | E32: 1 | F32: 2 | G32: =IF(E32>F32,"Local",IF(E32=F32,"Empate","Visitante")) | H32: =E32-F32 | J32: F | K32: 1 | L32: Japón | M32: =(Q32*3)+R32 | N32: =O32-P32 | O32: =Z32+AA32 | P32: =AB32+AC32 | Q32: =T32+U32 | R32: =V32+W32 | S32: =X32+Y32 | T32: =COUNTIFS(C:C,L32,G:G,"Local") | U32: =COUNTIFS(D:D,L32,G:G,"Visitante") | V32: =COUNTIFS(C:C,L32,G:G,"Empate") | W32: =COUNTIFS(D:D,L32,G:G,"Empate") | X32: =COUNTIFS(C:C,L32,G:G,"Visitante") | Y32: =COUNTIFS(D:D,L32,G:G,"Local") | Z32: =SUMIF(C:C,L32,E:E) | AA32: =SUMIF(D:D,L32,F:F) | AB32: =SUMIF(C:C,L32,F:F) | AC32: =SUMIF(D:D,L32,E:E)
A33: 32 | B33: F | C33: Suecia | D33: Túnez | E33: 1 | F33: 0 | G33: =IF(E33>F33,"Local",IF(E33=F33,"Empate","Visitante")) | H33: =E33-F33 | K33: 2 | L33: Países Bajos | M33: =(Q33*3)+R33 | N33: =O33-P33 | O33: =Z33+AA33 | P33: =AB33+AC33 | Q33: =T33+U33 | R33: =V33+W33 | S33: =X33+Y33 | T33: =COUNTIFS(C:C,L33,G:G,"Local") | U33: =COUNTIFS(D:D,L33,G:G,"Visitante") | V33: =COUNTIFS(C:C,L33,G:G,"Empate") | W33: =COUNTIFS(D:D,L33,G:G,"Empate") | X33: =COUNTIFS(C:C,L33,G:G,"Visitante") | Y33: =COUNTIFS(D:D,L33,G:G,"Local") | Z33: =SUMIF(C:C,L33,E:E) | AA33: =SUMIF(D:D,L33,F:F) | AB33: =SUMIF(C:C,L33,F:F) | AC33: =SUMIF(D:D,L33,E:E)
A34: 33 | B34: F | C34: Países Bajos | D34: Suecia | E34: 1 | F34: 1 | G34: =IF(E34>F34,"Local",IF(E34=F34,"Empate","Visitante")) | H34: =E34-F34 | K34: 3 | L34: Suecia | M34: =(Q34*3)+R34 | N34: =O34-P34 | O34: =Z34+AA34 | P34: =AB34+AC34 | Q34: =T34+U34 | R34: =V34+W34 | S34: =X34+Y34 | T34: =COUNTIFS(C:C,L34,G:G,"Local") | U34: =COUNTIFS(D:D,L34,G:G,"Visitante") | V34: =COUNTIFS(C:C,L34,G:G,"Empate") | W34: =COUNTIFS(D:D,L34,G:G,"Empate") | X34: =COUNTIFS(C:C,L34,G:G,"Visitante") | Y34: =COUNTIFS(D:D,L34,G:G,"Local") | Z34: =SUMIF(C:C,L34,E:E) | AA34: =SUMIF(D:D,L34,F:F) | AB34: =SUMIF(C:C,L34,F:F) | AC34: =SUMIF(D:D,L34,E:E)
A35: 34 | B35: F | C35: Túnez | D35: Japón | E35: 0 | F35: 2 | G35: =IF(E35>F35,"Local",IF(E35=F35,"Empate","Visitante")) | H35: =E35-F35 | K35: 4 | L35: Túnez | M35: =(Q35*3)+R35 | N35: =O35-P35 | O35: =Z35+AA35 | P35: =AB35+AC35 | Q35: =T35+U35 | R35: =V35+W35 | S35: =X35+Y35 | T35: =COUNTIFS(C:C,L35,G:G,"Local") | U35: =COUNTIFS(D:D,L35,G:G,"Visitante") | V35: =COUNTIFS(C:C,L35,G:G,"Empate") | W35: =COUNTIFS(D:D,L35,G:G,"Empate") | X35: =COUNTIFS(C:C,L35,G:G,"Visitante") | Y35: =COUNTIFS(D:D,L35,G:G,"Local") | Z35: =SUMIF(C:C,L35,E:E) | AA35: =SUMIF(D:D,L35,F:F) | AB35: =SUMIF(C:C,L35,F:F) | AC35: =SUMIF(D:D,L35,E:E)
A36: 35 | B36: F | C36: Japón | D36: Suecia | E36: 2 | F36: 1 | G36: =IF(E36>F36,"Local",IF(E36=F36,"Empate","Visitante")) | H36: =E36-F36
A37: 36 | B37: F | C37: Túnez | D37: Países Bajos | E37: 0 | F37: 2 | G37: =IF(E37>F37,"Local",IF(E37=F37,"Empate","Visitante")) | H37: =E37-F37 | J37: Grupo | K37: Posición | L37: Equipo | M37: Puntos | N37: Diferencia | O37: GF | P37: GC | Q37: Victorias | R37: Empates | S37: Derrotas | T37: Victorias_L | U37: Victorias_V | V37: Empates_L | W37: Empates_V | X37: Derrotas_L | Y37: Derrotas_V | Z37: GF_L | AA37: GF_V | AB37: GC_L | AC37: GC_V
A38: 37 | B38: G | C38: Bélgica | D38: Egipto | E38: 2 | F38: 1 | G38: =IF(E38>F38,"Local",IF(E38=F38,"Empate","Visitante")) | H38: =E38-F38 | J38: G | K38: 1 | L38: Bélgica | M38: =(Q38*3)+R38 | N38: =O38-P38 | O38: =Z38+AA38 | P38: =AB38+AC38 | Q38: =T38+U38 | R38: =V38+W38 | S38: =X38+Y38 | T38: =COUNTIFS(C:C,L38,G:G,"Local") | U38: =COUNTIFS(D:D,L38,G:G,"Visitante") | V38: =COUNTIFS(C:C,L38,G:G,"Empate") | W38: =COUNTIFS(D:D,L38,G:G,"Empate") | X38: =COUNTIFS(C:C,L38,G:G,"Visitante") | Y38: =COUNTIFS(D:D,L38,G:G,"Local") | Z38: =SUMIF(C:C,L38,E:E) | AA38: =SUMIF(D:D,L38,F:F) | AB38: =SUMIF(C:C,L38,F:F) | AC38: =SUMIF(D:D,L38,E:E)
A39: 38 | B39: G | C39: Irán | D39: Nueva Zelanda | E39: 2 | F39: 0 | G39: =IF(E39>F39,"Local",IF(E39=F39,"Empate","Visitante")) | H39: =E39-F39 | K39: 2 | L39: Egipto | M39: =(Q39*3)+R39 | N39: =O39-P39 | O39: =Z39+AA39 | P39: =AB39+AC39 | Q39: =T39+U39 | R39: =V39+W39 | S39: =X39+Y39 | T39: =COUNTIFS(C:C,L39,G:G,"Local") | U39: =COUNTIFS(D:D,L39,G:G,"Visitante") | V39: =COUNTIFS(C:C,L39,G:G,"Empate") | W39: =COUNTIFS(D:D,L39,G:G,"Empate") | X39: =COUNTIFS(C:C,L39,G:G,"Visitante") | Y39: =COUNTIFS(D:D,L39,G:G,"Local") | Z39: =SUMIF(C:C,L39,E:E) | AA39: =SUMIF(D:D,L39,F:F) | AB39: =SUMIF(C:C,L39,F:F) | AC39: =SUMIF(D:D,L39,E:E)
A40: 39 | B40: G | C40: Bélgica | D40: Irán | E40: 2 | F40: 1 | G40: =IF(E40>F40,"Local",IF(E40=F40,"Empate","Visitante")) | H40: =E40-F40 | K40: 3 | L40: Irán | M40: =(Q40*3)+R40 | N40: =O40-P40 | O40: =Z40+AA40 | P40: =AB40+AC40 | Q40: =T40+U40 | R40: =V40+W40 | S40: =X40+Y40 | T40: =COUNTIFS(C:C,L40,G:G,"Local") | U40: =COUNTIFS(D:D,L40,G:G,"Visitante") | V40: =COUNTIFS(C:C,L40,G:G,"Empate") | W40: =COUNTIFS(D:D,L40,G:G,"Empate") | X40: =COUNTIFS(C:C,L40,G:G,"Visitante") | Y40: =COUNTIFS(D:D,L40,G:G,"Local") | Z40: =SUMIF(C:C,L40,E:E) | AA40: =SUMIF(D:D,L40,F:F) | AB40: =SUMIF(C:C,L40,F:F) | AC40: =SUMIF(D:D,L40,E:E)
A41: 40 | B41: G | C41: Nueva Zelanda | D41: Egipto | E41: 0 | F41: 1 | G41: =IF(E41>F41,"Local",IF(E41=F41,"Empate","Visitante")) | H41: =E41-F41 | K41: 4 | L41: Nueva Zelanda | M41: =(Q41*3)+R41 | N41: =O41-P41 | O41: =Z41+AA41 | P41: =AB41+AC41 | Q41: =T41+U41 | R41: =V41+W41 | S41: =X41+Y41 | T41: =COUNTIFS(C:C,L41,G:G,"Local") | U41: =COUNTIFS(D:D,L41,G:G,"Visitante") | V41: =COUNTIFS(C:C,L41,G:G,"Empate") | W41: =COUNTIFS(D:D,L41,G:G,"Empate") | X41: =COUNTIFS(C:C,L41,G:G,"Visitante") | Y41: =COUNTIFS(D:D,L41,G:G,"Local") | Z41: =SUMIF(C:C,L41,E:E) | AA41: =SUMIF(D:D,L41,F:F) | AB41: =SUMIF(C:C,L41,F:F) | AC41: =SUMIF(D:D,L41,E:E)
A42: 41 | B42: G | C42: Egipto | D42: Irán | E42: 1 | F42: 0 | G42: =IF(E42>F42,"Local",IF(E42=F42,"Empate","Visitante")) | H42: =E42-F42
A43: 42 | B43: G | C43: Nueva Zelanda | D43: Bélgica | E43: 0 | F43: 3 | G43: =IF(E43>F43,"Local",IF(E43=F43,"Empate","Visitante")) | H43: =E43-F43 | J43: Grupo | K43: Posición | L43: Equipo | M43: Puntos | N43: Diferencia | O43: GF | P43: GC | Q43: Victorias | R43: Empates | S43: Derrotas | T43: Victorias_L | U43: Victorias_V | V43: Empates_L | W43: Empates_V | X43: Derrotas_L | Y43: Derrotas_V | Z43: GF_L | AA43: GF_V | AB43: GC_L | AC43: GC_V
A44: 43 | B44: H | C44: España | D44: Cabo Verde | E44: 3 | F44: 0 | G44: =IF(E44>F44,"Local",IF(E44=F44,"Empate","Visitante")) | H44: =E44-F44 | J44: H | K44: 1 | L44: España | M44: =(Q44*3)+R44 | N44: =O44-P44 | O44: =Z44+AA44 | P44: =AB44+AC44 | Q44: =T44+U44 | R44: =V44+W44 | S44: =X44+Y44 | T44: =COUNTIFS(C:C,L44,G:G,"Local") | U44: =COUNTIFS(D:D,L44,G:G,"Visitante") | V44: =COUNTIFS(C:C,L44,G:G,"Empate") | W44: =COUNTIFS(D:D,L44,G:G,"Empate") | X44: =COUNTIFS(C:C,L44,G:G,"Visitante") | Y44: =COUNTIFS(D:D,L44,G:G,"Local") | Z44: =SUMIF(C:C,L44,E:E) | AA44: =SUMIF(D:D,L44,F:F) | AB44: =SUMIF(C:C,L44,F:F) | AC44: =SUMIF(D:D,L44,E:E)
A45: 44 | B45: H | C45: Arabia Saudí | D45: Uruguay | E45: 1 | F45: 2 | G45: =IF(E45>F45,"Local",IF(E45=F45,"Empate","Visitante")) | H45: =E45-F45 | K45: 2 | L45: Uruguay | M45: =(Q45*3)+R45 | N45: =O45-P45 | O45: =Z45+AA45 | P45: =AB45+AC45 | Q45: =T45+U45 | R45: =V45+W45 | S45: =X45+Y45 | T45: =COUNTIFS(C:C,L45,G:G,"Local") | U45: =COUNTIFS(D:D,L45,G:G,"Visitante") | V45: =COUNTIFS(C:C,L45,G:G,"Empate") | W45: =COUNTIFS(D:D,L45,G:G,"Empate") | X45: =COUNTIFS(C:C,L45,G:G,"Visitante") | Y45: =COUNTIFS(D:D,L45,G:G,"Local") | Z45: =SUMIF(C:C,L45,E:E) | AA45: =SUMIF(D:D,L45,F:F) | AB45: =SUMIF(C:C,L45,F:F) | AC45: =SUMIF(D:D,L45,E:E)
A46: 45 | B46: H | C46: España | D46: Arabia Saudí | E46: 3 | F46: 0 | G46: =IF(E46>F46,"Local",IF(E46=F46,"Empate","Visitante")) | H46: =E46-F46 | K46: 3 | L46: Arabia Saudí | M46: =(Q46*3)+R46 | N46: =O46-P46 | O46: =Z46+AA46 | P46: =AB46+AC46 | Q46: =T46+U46 | R46: =V46+W46 | S46: =X46+Y46 | T46: =COUNTIFS(C:C,L46,G:G,"Local") | U46: =COUNTIFS(D:D,L46,G:G,"Visitante") | V46: =COUNTIFS(C:C,L46,G:G,"Empate") | W46: =COUNTIFS(D:D,L46,G:G,"Empate") | X46: =COUNTIFS(C:C,L46,G:G,"Visitante") | Y46: =COUNTIFS(D:D,L46,G:G,"Local") | Z46: =SUMIF(C:C,L46,E:E) | AA46: =SUMIF(D:D,L46,F:F) | AB46: =SUMIF(C:C,L46,F:F) | AC46: =SUMIF(D:D,L46,E:E)
A47: 46 | B47: H | C47: Uruguay | D47: Cabo Verde | E47: 3 | F47: 0 | G47: =IF(E47>F47,"Local",IF(E47=F47,"Empate","Visitante")) | H47: =E47-F47 | K47: 4 | L47: Cabo Verde | M47: =(Q47*3)+R47 | N47: =O47-P47 | O47: =Z47+AA47 | P47: =AB47+AC47 | Q47: =T47+U47 | R47: =V47+W47 | S47: =X47+Y47 | T47: =COUNTIFS(C:C,L47,G:G,"Local") | U47: =COUNTIFS(D:D,L47,G:G,"Visitante") | V47: =COUNTIFS(C:C,L47,G:G,"Empate") | W47: =COUNTIFS(D:D,L47,G:G,"Empate") | X47: =COUNTIFS(C:C,L47,G:G,"Visitante") | Y47: =COUNTIFS(D:D,L47,G:G,"Local") | Z47: =SUMIF(C:C,L47,E:E) | AA47: =SUMIF(D:D,L47,F:F) | AB47: =SUMIF(C:C,L47,F:F) | AC47: =SUMIF(D:D,L47,E:E)
A48: 47 | B48: H | C48: Cabo Verde | D48: Arabia Saudí | E48: 1 | F48: 2 | G48: =IF(E48>F48,"Local",IF(E48=F48,"Empate","Visitante")) | H48: =E48-F48
A49: 48 | B49: H | C49: Uruguay | D49: España | E49: 1 | F49: 2 | G49: =IF(E49>F49,"Local",IF(E49=F49,"Empate","Visitante")) | H49: =E49-F49 | J49: Grupo | K49: Posición | L49: Equipo | M49: Puntos | N49: Diferencia | O49: GF | P49: GC | Q49: Victorias | R49: Empates | S49: Derrotas | T49: Victorias_L | U49: Victorias_V | V49: Empates_L | W49: Empates_V | X49: Derrotas_L | Y49: Derrotas_V | Z49: GF_L | AA49: GF_V | AB49: GC_L | AC49: GC_V
A50: 49 | B50: I | C50: Francia | D50: Senegal | E50: 2 | F50: 1 | G50: =IF(E50>F50,"Local",IF(E50=F50,"Empate","Visitante")) | H50: =E50-F50 | J50: I | K50: 1 | L50: Francia | M50: =(Q50*3)+R50 | N50: =O50-P50 | O50: =Z50+AA50 | P50: =AB50+AC50 | Q50: =T50+U50 | R50: =V50+W50 | S50: =X50+Y50 | T50: =COUNTIFS(C:C,L50,G:G,"Local") | U50: =COUNTIFS(D:D,L50,G:G,"Visitante") | V50: =COUNTIFS(C:C,L50,G:G,"Empate") | W50: =COUNTIFS(D:D,L50,G:G,"Empate") | X50: =COUNTIFS(C:C,L50,G:G,"Visitante") | Y50: =COUNTIFS(D:D,L50,G:G,"Local") | Z50: =SUMIF(C:C,L50,E:E) | AA50: =SUMIF(D:D,L50,F:F) | AB50: =SUMIF(C:C,L50,F:F) | AC50: =SUMIF(D:D,L50,E:E)
A51: 50 | B51: I | C51: Irak | D51: Noruega | E51: 0 | F51: 3 | G51: =IF(E51>F51,"Local",IF(E51=F51,"Empate","Visitante")) | H51: =E51-F51 | K51: 2 | L51: Noruega | M51: =(Q51*3)+R51 | N51: =O51-P51 | O51: =Z51+AA51 | P51: =AB51+AC51 | Q51: =T51+U51 | R51: =V51+W51 | S51: =X51+Y51 | T51: =COUNTIFS(C:C,L51,G:G,"Local") | U51: =COUNTIFS(D:D,L51,G:G,"Visitante") | V51: =COUNTIFS(C:C,L51,G:G,"Empate") | W51: =COUNTIFS(D:D,L51,G:G,"Empate") | X51: =COUNTIFS(C:C,L51,G:G,"Visitante") | Y51: =COUNTIFS(D:D,L51,G:G,"Local") | Z51: =SUMIF(C:C,L51,E:E) | AA51: =SUMIF(D:D,L51,F:F) | AB51: =SUMIF(C:C,L51,F:F) | AC51: =SUMIF(D:D,L51,E:E)
A52: 51 | B52: I | C52: Francia | D52: Irak | E52: 3 | F52: 0 | G52: =IF(E52>F52,"Local",IF(E52=F52,"Empate","Visitante")) | H52: =E52-F52 | K52: 3 | L52: Senegal | M52: =(Q52*3)+R52 | N52: =O52-P52 | O52: =Z52+AA52 | P52: =AB52+AC52 | Q52: =T52+U52 | R52: =V52+W52 | S52: =X52+Y52 | T52: =COUNTIFS(C:C,L52,G:G,"Local") | U52: =COUNTIFS(D:D,L52,G:G,"Visitante") | V52: =COUNTIFS(C:C,L52,G:G,"Empate") | W52: =COUNTIFS(D:D,L52,G:G,"Empate") | X52: =COUNTIFS(C:C,L52,G:G,"Visitante") | Y52: =COUNTIFS(D:D,L52,G:G,"Local") | Z52: =SUMIF(C:C,L52,E:E) | AA52: =SUMIF(D:D,L52,F:F) | AB52: =SUMIF(C:C,L52,F:F) | AC52: =SUMIF(D:D,L52,E:E)
A53: 52 | B53: I | C53: Noruega | D53: Senegal | E53: 2 | F53: 1 | G53: =IF(E53>F53,"Local",IF(E53=F53,"Empate","Visitante")) | H53: =E53-F53 | K53: 4 | L53: Irak | M53: =(Q53*3)+R53 | N53: =O53-P53 | O53: =Z53+AA53 | P53: =AB53+AC53 | Q53: =T53+U53 | R53: =V53+W53 | S53: =X53+Y53 | T53: =COUNTIFS(C:C,L53,G:G,"Local") | U53: =COUNTIFS(D:D,L53,G:G,"Visitante") | V53: =COUNTIFS(C:C,L53,G:G,"Empate") | W53: =COUNTIFS(D:D,L53,G:G,"Empate") | X53: =COUNTIFS(C:C,L53,G:G,"Visitante") | Y53: =COUNTIFS(D:D,L53,G:G,"Local") | Z53: =SUMIF(C:C,L53,E:E) | AA53: =SUMIF(D:D,L53,F:F) | AB53: =SUMIF(C:C,L53,F:F) | AC53: =SUMIF(D:D,L53,E:E)
A54: 53 | B54: I | C54: Noruega | D54: Francia | E54: 1 | F54: 2 | G54: =IF(E54>F54,"Local",IF(E54=F54,"Empate","Visitante")) | H54: =E54-F54
A55: 54 | B55: I | C55: Senegal | D55: Irak | E55: 2 | F55: 0 | G55: =IF(E55>F55,"Local",IF(E55=F55,"Empate","Visitante")) | H55: =E55-F55 | J55: Grupo | K55: Posición | L55: Equipo | M55: Puntos | N55: Diferencia | O55: GF | P55: GC | Q55: Victorias | R55: Empates | S55: Derrotas | T55: Victorias_L | U55: Victorias_V | V55: Empates_L | W55: Empates_V | X55: Derrotas_L | Y55: Derrotas_V | Z55: GF_L | AA55: GF_V | AB55: GC_L | AC55: GC_V
A56: 55 | B56: J | C56: Argentina | D56: Argelia | E56: 2 | F56: 0 | G56: =IF(E56>F56,"Local",IF(E56=F56,"Empate","Visitante")) | H56: =E56-F56 | J56: J | K56: 1 | L56: Argentina | M56: =(Q56*3)+R56 | N56: =O56-P56 | O56: =Z56+AA56 | P56: =AB56+AC56 | Q56: =T56+U56 | R56: =V56+W56 | S56: =X56+Y56 | T56: =COUNTIFS(C:C,L56,G:G,"Local") | U56: =COUNTIFS(D:D,L56,G:G,"Visitante") | V56: =COUNTIFS(C:C,L56,G:G,"Empate") | W56: =COUNTIFS(D:D,L56,G:G,"Empate") | X56: =COUNTIFS(C:C,L56,G:G,"Visitante") | Y56: =COUNTIFS(D:D,L56,G:G,"Local") | Z56: =SUMIF(C:C,L56,E:E) | AA56: =SUMIF(D:D,L56,F:F) | AB56: =SUMIF(C:C,L56,F:F) | AC56: =SUMIF(D:D,L56,E:E)
A57: 56 | B57: J | C57: Austria | D57: Jordania | E57: 3 | F57: 0 | G57: =IF(E57>F57,"Local",IF(E57=F57,"Empate","Visitante")) | H57: =E57-F57 | K57: 2 | L57: Austria | M57: =(Q57*3)+R57 | N57: =O57-P57 | O57: =Z57+AA57 | P57: =AB57+AC57 | Q57: =T57+U57 | R57: =V57+W57 | S57: =X57+Y57 | T57: =COUNTIFS(C:C,L57,G:G,"Local") | U57: =COUNTIFS(D:D,L57,G:G,"Visitante") | V57: =COUNTIFS(C:C,L57,G:G,"Empate") | W57: =COUNTIFS(D:D,L57,G:G,"Empate") | X57: =COUNTIFS(C:C,L57,G:G,"Visitante") | Y57: =COUNTIFS(D:D,L57,G:G,"Local") | Z57: =SUMIF(C:C,L57,E:E) | AA57: =SUMIF(D:D,L57,F:F) | AB57: =SUMIF(C:C,L57,F:F) | AC57: =SUMIF(D:D,L57,E:E)
A58: 57 | B58: J | C58: Argentina | D58: Austria | E58: 2 | F58: 1 | G58: =IF(E58>F58,"Local",IF(E58=F58,"Empate","Visitante")) | H58: =E58-F58 | K58: 3 | L58: Argelia | M58: =(Q58*3)+R58 | N58: =O58-P58 | O58: =Z58+AA58 | P58: =AB58+AC58 | Q58: =T58+U58 | R58: =V58+W58 | S58: =X58+Y58 | T58: =COUNTIFS(C:C,L58,G:G,"Local") | U58: =COUNTIFS(D:D,L58,G:G,"Visitante") | V58: =COUNTIFS(C:C,L58,G:G,"Empate") | W58: =COUNTIFS(D:D,L58,G:G,"Empate") | X58: =COUNTIFS(C:C,L58,G:G,"Visitante") | Y58: =COUNTIFS(D:D,L58,G:G,"Local") | Z58: =SUMIF(C:C,L58,E:E) | AA58: =SUMIF(D:D,L58,F:F) | AB58: =SUMIF(C:C,L58,F:F) | AC58: =SUMIF(D:D,L58,E:E)
A59: 58 | B59: J | C59: Jordania | D59: Argelia | E59: 0 | F59: 2 | G59: =IF(E59>F59,"Local",IF(E59=F59,"Empate","Visitante")) | H59: =E59-F59 | K59: 4 | L59: Jordania | M59: =(Q59*3)+R59 | N59: =O59-P59 | O59: =Z59+AA59 | P59: =AB59+AC59 | Q59: =T59+U59 | R59: =V59+W59 | S59: =X59+Y59 | T59: =COUNTIFS(C:C,L59,G:G,"Local") | U59: =COUNTIFS(D:D,L59,G:G,"Visitante") | V59: =COUNTIFS(C:C,L59,G:G,"Empate") | W59: =COUNTIFS(D:D,L59,G:G,"Empate") | X59: =COUNTIFS(C:C,L59,G:G,"Visitante") | Y59: =COUNTIFS(D:D,L59,G:G,"Local") | Z59: =SUMIF(C:C,L59,E:E) | AA59: =SUMIF(D:D,L59,F:F) | AB59: =SUMIF(C:C,L59,F:F) | AC59: =SUMIF(D:D,L59,E:E)
A60: 59 | B60: J | C60: Argelia | D60: Austria | E60: 1 | F60: 1 | G60: =IF(E60>F60,"Local",IF(E60=F60,"Empate","Visitante")) | H60: =E60-F60
A61: 60 | B61: J | C61: Jordania | D61: Argentina | E61: 0 | F61: 3 | G61: =IF(E61>F61,"Local",IF(E61=F61,"Empate","Visitante")) | H61: =E61-F61 | J61: Grupo | K61: Posición | L61: Equipo | M61: Puntos | N61: Diferencia | O61: GF | P61: GC | Q61: Victorias | R61: Empates | S61: Derrotas | T61: Victorias_L | U61: Victorias_V | V61: Empates_L | W61: Empates_V | X61: Derrotas_L | Y61: Derrotas_V | Z61: GF_L | AA61: GF_V | AB61: GC_L | AC61: GC_V
A62: 61 | B62: K | C62: Portugal | D62: RD Congo | E62: 3 | F62: 1 | G62: =IF(E62>F62,"Local",IF(E62=F62,"Empate","Visitante")) | H62: =E62-F62 | J62: K | K62: 1 | L62: Portugal | M62: =(Q62*3)+R62 | N62: =O62-P62 | O62: =Z62+AA62 | P62: =AB62+AC62 | Q62: =T62+U62 | R62: =V62+W62 | S62: =X62+Y62 | T62: =COUNTIFS(C:C,L62,G:G,"Local") | U62: =COUNTIFS(D:D,L62,G:G,"Visitante") | V62: =COUNTIFS(C:C,L62,G:G,"Empate") | W62: =COUNTIFS(D:D,L62,G:G,"Empate") | X62: =COUNTIFS(C:C,L62,G:G,"Visitante") | Y62: =COUNTIFS(D:D,L62,G:G,"Local") | Z62: =SUMIF(C:C,L62,E:E) | AA62: =SUMIF(D:D,L62,F:F) | AB62: =SUMIF(C:C,L62,F:F) | AC62: =SUMIF(D:D,L62,E:E)
A63: 62 | B63: K | C63: Uzbekistán | D63: Colombia | E63: 0 | F63: 2 | G63: =IF(E63>F63,"Local",IF(E63=F63,"Empate","Visitante")) | H63: =E63-F63 | K63: 2 | L63: Colombia | M63: =(Q63*3)+R63 | N63: =O63-P63 | O63: =Z63+AA63 | P63: =AB63+AC63 | Q63: =T63+U63 | R63: =V63+W63 | S63: =X63+Y63 | T63: =COUNTIFS(C:C,L63,G:G,"Local") | U63: =COUNTIFS(D:D,L63,G:G,"Visitante") | V63: =COUNTIFS(C:C,L63,G:G,"Empate") | W63: =COUNTIFS(D:D,L63,G:G,"Empate") | X63: =COUNTIFS(C:C,L63,G:G,"Visitante") | Y63: =COUNTIFS(D:D,L63,G:G,"Local") | Z63: =SUMIF(C:C,L63,E:E) | AA63: =SUMIF(D:D,L63,F:F) | AB63: =SUMIF(C:C,L63,F:F) | AC63: =SUMIF(D:D,L63,E:E)
A64: 63 | B64: K | C64: Portugal | D64: Uzbekistán | E64: 3 | F64: 0 | G64: =IF(E64>F64,"Local",IF(E64=F64,"Empate","Visitante")) | H64: =E64-F64 | K64: 3 | L64: RD Congo | M64: =(Q64*3)+R64 | N64: =O64-P64 | O64: =Z64+AA64 | P64: =AB64+AC64 | Q64: =T64+U64 | R64: =V64+W64 | S64: =X64+Y64 | T64: =COUNTIFS(C:C,L64,G:G,"Local") | U64: =COUNTIFS(D:D,L64,G:G,"Visitante") | V64: =COUNTIFS(C:C,L64,G:G,"Empate") | W64: =COUNTIFS(D:D,L64,G:G,"Empate") | X64: =COUNTIFS(C:C,L64,G:G,"Visitante") | Y64: =COUNTIFS(D:D,L64,G:G,"Local") | Z64: =SUMIF(C:C,L64,E:E) | AA64: =SUMIF(D:D,L64,F:F) | AB64: =SUMIF(C:C,L64,F:F) | AC64: =SUMIF(D:D,L64,E:E)
A65: 64 | B65: K | C65: Colombia | D65: RD Congo | E65: 2 | F65: 0 | G65: =IF(E65>F65,"Local",IF(E65=F65,"Empate","Visitante")) | H65: =E65-F65 | K65: 4 | L65: Uzbekistán | M65: =(Q65*3)+R65 | N65: =O65-P65 | O65: =Z65+AA65 | P65: =AB65+AC65 | Q65: =T65+U65 | R65: =V65+W65 | S65: =X65+Y65 | T65: =COUNTIFS(C:C,L65,G:G,"Local") | U65: =COUNTIFS(D:D,L65,G:G,"Visitante") | V65: =COUNTIFS(C:C,L65,G:G,"Empate") | W65: =COUNTIFS(D:D,L65,G:G,"Empate") | X65: =COUNTIFS(C:C,L65,G:G,"Visitante") | Y65: =COUNTIFS(D:D,L65,G:G,"Local") | Z65: =SUMIF(C:C,L65,E:E) | AA65: =SUMIF(D:D,L65,F:F) | AB65: =SUMIF(C:C,L65,F:F) | AC65: =SUMIF(D:D,L65,E:E)
A66: 65 | B66: K | C66: Colombia | D66: Portugal | E66: 2 | F66: 2 | G66: =IF(E66>F66,"Local",IF(E66=F66,"Empate","Visitante")) | H66: =E66-F66
A67: 66 | B67: K | C67: RD Congo | D67: Uzbekistán | E67: 1 | F67: 0 | G67: =IF(E67>F67,"Local",IF(E67=F67,"Empate","Visitante")) | H67: =E67-F67 | J67: Grupo | K67: Posición | L67: Equipo | M67: Puntos | N67: Diferencia | O67: GF | P67: GC | Q67: Victorias | R67: Empates | S67: Derrotas | T67: Victorias_L | U67: Victorias_V | V67: Empates_L | W67: Empates_V | X67: Derrotas_L | Y67: Derrotas_V | Z67: GF_L | AA67: GF_V | AB67: GC_L | AC67: GC_V
A68: 67 | B68: L | C68: Inglaterra | D68: Croacia | E68: 2 | F68: 1 | G68: =IF(E68>F68,"Local",IF(E68=F68,"Empate","Visitante")) | H68: =E68-F68 | J68: L | K68: 1 | L68: Inglaterra | M68: =(Q68*3)+R68 | N68: =O68-P68 | O68: =Z68+AA68 | P68: =AB68+AC68 | Q68: =T68+U68 | R68: =V68+W68 | S68: =X68+Y68 | T68: =COUNTIFS(C:C,L68,G:G,"Local") | U68: =COUNTIFS(D:D,L68,G:G,"Visitante") | V68: =COUNTIFS(C:C,L68,G:G,"Empate") | W68: =COUNTIFS(D:D,L68,G:G,"Empate") | X68: =COUNTIFS(C:C,L68,G:G,"Visitante") | Y68: =COUNTIFS(D:D,L68,G:G,"Local") | Z68: =SUMIF(C:C,L68,E:E) | AA68: =SUMIF(D:D,L68,F:F) | AB68: =SUMIF(C:C,L68,F:F) | AC68: =SUMIF(D:D,L68,E:E)
A69: 68 | B69: L | C69: Ghana | D69: Panamá | E69: 2 | F69: 0 | G69: =IF(E69>F69,"Local",IF(E69=F69,"Empate","Visitante")) | H69: =E69-F69 | K69: 2 | L69: Croacia | M69: =(Q69*3)+R69 | N69: =O69-P69 | O69: =Z69+AA69 | P69: =AB69+AC69 | Q69: =T69+U69 | R69: =V69+W69 | S69: =X69+Y69 | T69: =COUNTIFS(C:C,L69,G:G,"Local") | U69: =COUNTIFS(D:D,L69,G:G,"Visitante") | V69: =COUNTIFS(C:C,L69,G:G,"Empate") | W69: =COUNTIFS(D:D,L69,G:G,"Empate") | X69: =COUNTIFS(C:C,L69,G:G,"Visitante") | Y69: =COUNTIFS(D:D,L69,G:G,"Local") | Z69: =SUMIF(C:C,L69,E:E) | AA69: =SUMIF(D:D,L69,F:F) | AB69: =SUMIF(C:C,L69,F:F) | AC69: =SUMIF(D:D,L69,E:E)
A70: 69 | B70: L | C70: Inglaterra | D70: Ghana | E70: 3 | F70: 1 | G70: =IF(E70>F70,"Local",IF(E70=F70,"Empate","Visitante")) | H70: =E70-F70 | K70: 3 | L70: Ghana | M70: =(Q70*3)+R70 | N70: =O70-P70 | O70: =Z70+AA70 | P70: =AB70+AC70 | Q70: =T70+U70 | R70: =V70+W70 | S70: =X70+Y70 | T70: =COUNTIFS(C:C,L70,G:G,"Local") | U70: =COUNTIFS(D:D,L70,G:G,"Visitante") | V70: =COUNTIFS(C:C,L70,G:G,"Empate") | W70: =COUNTIFS(D:D,L70,G:G,"Empate") | X70: =COUNTIFS(C:C,L70,G:G,"Visitante") | Y70: =COUNTIFS(D:D,L70,G:G,"Local") | Z70: =SUMIF(C:C,L70,E:E) | AA70: =SUMIF(D:D,L70,F:F) | AB70: =SUMIF(C:C,L70,F:F) | AC70: =SUMIF(D:D,L70,E:E)
A71: 70 | B71: L | C71: Panamá | D71: Croacia | E71: 0 | F71: 2 | G71: =IF(E71>F71,"Local",IF(E71=F71,"Empate","Visitante")) | H71: =E71-F71 | K71: 4 | L71: Panamá | M71: =(Q71*3)+R71 | N71: =O71-P71 | O71: =Z71+AA71 | P71: =AB71+AC71 | Q71: =T71+U71 | R71: =V71+W71 | S71: =X71+Y71 | T71: =COUNTIFS(C:C,L71,G:G,"Local") | U71: =COUNTIFS(D:D,L71,G:G,"Visitante") | V71: =COUNTIFS(C:C,L71,G:G,"Empate") | W71: =COUNTIFS(D:D,L71,G:G,"Empate") | X71: =COUNTIFS(C:C,L71,G:G,"Visitante") | Y71: =COUNTIFS(D:D,L71,G:G,"Local") | Z71: =SUMIF(C:C,L71,E:E) | AA71: =SUMIF(D:D,L71,F:F) | AB71: =SUMIF(C:C,L71,F:F) | AC71: =SUMIF(D:D,L71,E:E)
A72: 71 | B72: L | C72: Panamá | D72: Inglaterra | E72: 0 | F72: 2 | G72: =IF(E72>F72,"Local",IF(E72=F72,"Empate","Visitante")) | H72: =E72-F72
A73: 72 | B73: L | C73: Croacia | D73: Ghana | E73: 2 | F73: 1 | G73: =IF(E73>F73,"Local",IF(E73=F73,"Empate","Visitante")) | H73: =E73-F73
I75: Clasificación Terceros | J75: Grupo | K75: Posición | L75: Equipo | M75: Puntos | N75: Diferencia | O75: GF | P75: GC | Q75: Victorias | R75: Empates | S75: Derrotas
J76: E | K76: 1 | L76: Costa de Marfil | M76: 4 | N76: 1 | O76: 5 | P76: 4 | Q76: 1 | R76: 1 | S76: 1
J77: A | K77: 2 | L77: Corea del Sur | M77: 4 | N77: 0 | O77: 4 | P77: 4 | Q77: 1 | R77: 1 | S77: 1
J78: F | K78: 3 | L78: Suecia | M78: 4 | N78: 0 | O78: 3 | P78: 3 | Q78: 1 | R78: 1 | S78: 1
J79: J | K79: 4 | L79: Argelia | M79: 4 | N79: 0 | O79: 3 | P79: 3 | Q79: 1 | R79: 1 | S79: 1
J80: I | K80: 5 | L80: Senegal | M80: 3 | N80: 0 | O80: 4 | P80: 4 | Q80: 1 | R80: 0 | S80: 2
J81: G | K81: 6 | L81: Irán | M81: 3 | N81: 0 | O81: 3 | P81: 3 | Q81: 1 | R81: 0 | S81: 2
J82: C | K82: 7 | L82: Escocia | M82: 3 | N82: -1 | O82: 4 | P82: 5 | Q82: 1 | R82: 0 | S82: 2
J83: L | K83: 8 | L83: Ghana | M83: 3 | N83: -1 | O83: 4 | P83: 5 | Q83: 1 | R83: 0 | S83: 2
J84: D | K84: 9 | L84: Estados Unidos | M84: 3 | N84: -2 | O84: 4 | P84: 6 | Q84: 1 | R84: 0 | S84: 2
J85: B | K85: 10 | L85: Bosnia y Herzegovina | M85: 3 | N85: -2 | O85: 3 | P85: 5 | Q85: 1 | R85: 0 | S85: 2
J86: H | K86: 11 | L86: Arabia Saudí | M86: 3 | N86: -3 | O86: 3 | P86: 6 | Q86: 1 | R86: 0 | S86: 2
J87: K | K87: 12 | L87: RD Congo | M87: 3 | N87: -3 | O87: 2 | P87: 5 | Q87: 1 | R87: 0 | S87: 2

Sheet Bracket_Oscar
A1: Dieciseisavos | D1: Octavos | G1: Cuartos | J1: Semifinal | M1: Tercero puesto | P1: Final | S1: Tercero | T1: Campeón
A2: 74 | B2: 1E | C2: Alemania | D2: 89 | E2: W74 | F2: Alemania | G2: 97 | H2: W89 | I2: Francia | J2: 101 | K2: W97 | L2: Francia | M2: 103 | N2: L101 | O2: Francia | P2: 104 | Q2: W101 | R2: España
B3: 3ABCDF | C3: Escocia | E3: W77 | F3: Francia | H3: W90 | I3: Japón | K3: W98 | L3: España | N3: L102 | O3: Argentina | Q3: W102 | R3: Brasil
A4: 77 | B4: 1I | C4: Francia | D4: 90 | E4: W73 | F4: Canadá | G4: 98 | H4: W93 | I4: España | J4: 102 | K4: W99 | L4: Brasil
B5: 3CDFGH | C5: Suecia | E5: W75 | F5: Japón | H5: W94 | I5: Bélgica | K5: W100 | L5: Argentina
A6: 73 | B6: 2A | C6: República Checa | D6: 93 | E6: W83 | F6: Colombia | G6: 99 | H6: W91 | I6: Brasil
B7: 2B | C7: Canadá | E7: W84 | F7: España | H7: W92 | I7: Inglaterra
A8: 75 | B8: 1F | C8: Japón | D8: 94 | E8: W81 | F8: Turquía | G8: 100 | H8: W95 | I8: Argentina
B9: 2C | C9: Marruecos | E9: W82 | F9: Bélgica | H9: W96 | I9: Portugal
A10: 83 | B10: 2K | C10: Colombia | D10: 91 | E10: W76 | F10: Brasil
B11: 2L | C11: Croacia | E11: W78 | F11: Noruega
A12: 84 | B12: 1H | C12: España | D12: 92 | E12: W79 | F12: México
B13: 2J | C13: Austria | E13: W80 | F13: Inglaterra
A14: 81 | B14: 1D | C14: Turquía | D14: 95 | E14: W86 | F14: Argentina
B15: 3BEFIJ | C15: Argelia | E15: W88 | F15: Paraguay
A16: 82 | B16: 1G | C16: Bélgica | D16: 96 | E16: W85 | F16: Suiza
B17: 3AEHIJ | C17: Corea del Sur | E17: W87 | F17: Portugal
A18: 76 | B18: 1C | C18: Brasil
B19: 2F | C19: Países Bajos
A20: 78 | B20: 2E | C20: Ecuador
B21: 2I | C21: Noruega
A22: 79 | B22: 1A | C22: México
B23: 3CEFHI | C23: Costa de Marfil
A24: 80 | B24: 1L | C24: Inglaterra
B25: 3EHIJK | C25: Senegal
A26: 86 | B26: 1J | C26: Argentina
B27: 2H | C27: Uruguay
A28: 88 | B28: 2D | C28: Paraguay
B29: 2G | C29: Egipto
A30: 85 | B30: 1B | C30: Suiza
B31: 3EFGIJ | C31: Irán
A32: 87 | B32: 1K | C32: Portugal
B33: 3DEIJL | C33: Ghana

Sheet Playoffs_Oscar
A1: Dieciseisavos | B1: Octavos | C1: Cuartos | D1: Semifinal | E1: Tercero | F1: Final | G1: Campeón
A2: Alemania | B2: Alemania | C2: Francia | D2: Francia | E2: Francia | F2: España | G2: España
A3: Escocia | B3: Francia | C3: Japón | D3: España | F3: Brasil
A4: Francia | B4: Canadá | C4: España | D4: Brasil
A5: Suecia | B5: Japón | C5: Bélgica | D5: Argentina
A6: República Checa | B6: Colombia | C6: Brasil
A7: Canadá | B7: España | C7: Inglaterra
A8: Japón | B8: Turquía | C8: Argentina
A9: Marruecos | B9: Bélgica | C9: Portugal
A10: Colombia | B10: Brasil
A11: Croacia | B11: Noruega
A12: España | B12: México
A13: Austria | B13: Inglaterra
A14: Turquía | B14: Argentina
A15: Argelia | B15: Paraguay
A16: Bélgica | B16: Suiza
A17: Corea del Sur | B17: Portugal
A18: Brasil
A19: Países Bajos
A20: Ecuador
A21: Noruega
A22: México
A23: Costa de Marfil
A24: Inglaterra
A25: Senegal
A26: Argentina
A27: Uruguay
A28: Paraguay
A29: Egipto
... A33: Ghana

Sheet Playoffs_Predicciones_Oscar
A1: PARTIDOS DE DIECISEISAVOS
A2: Partido | B2: Local | C2: Visitante | D2: G_Local | E2: G_Visitante | F2: Resultado | G2: Diferencia
A3: 1 | B3: Alemania | C3: Paraguay | D3: 2 | E3: 0 | F3: =IF(D3>E3,"Local",IF(D3=E3,"Empate","Visitante")) | G3: =D3-E3
A4: 2 | B4: Francia | C4: Suecia | D4: 3 | E4: 1 | F4: =IF(D4>E4,"Local",IF(D4=E4,"Empate","Visitante")) | G4: =D4-E4
A5: 3 | B5: Sudáfrica | C5: Canadá | D5: 1 | E5: 2 | F5: =IF(D5>E5,"Local",IF(D5=E5,"Empate","Visitante")) | G5: =D5-E5
A6: 4 | B6: Países Bajos | C6: Marruecos | D6: 2 | E6: 1 | F6: =IF(D6>E6,"Local",IF(D6=E6,"Empate","Visitante")) | G6: =D6-E6
A7: 5 | B7: Portugal | C7: Croacia | D7: 2 | E7: 1 | F7: =IF(D7>E7,"Local",IF(D7=E7,"Empate","Visitante")) | G7: =D7-E7
A8: 6 | B8: España | C8: Austria | D8: 2 | E8: 0 | F8: =IF(D8>E8,"Local",IF(D8=E8,"Empate","Visitante")) | G8: =D8-E8
A9: 7 | B9: Estados Unidos | C9: Bosnia y Herzegovina | D9: 2 | E9: 0 | F9: =IF(D9>E9,"Local",IF(D9=E9,"Empate","Visitante")) | G9: =D9-E9
A10: 8 | B10: Bélgica | C10: Senegal | D10: 1 | E10: 2 | F10: =IF(D10>E10,"Local",IF(D10=E10,"Empate","Visitante")) | G10: =D10-E10
A11: 9 | B11: Brasil | C11: Japón | D11: 3 | E11: 1 | F11: =IF(D11>E11,"Local",IF(D11=E11,"Empate","Visitante")) | G11: =D11-E11
A12: 10 | B12: Costa de Marfil | C12: Noruega | D12: 1 | E12: 2 | F12: =IF(D12>E12,"Local",IF(D12=E12,"Empate","Visitante")) | G12: =D12-E12
A13: 11 | B13: México | C13: Ecuador | D13: 2 | E13: 1 | F13: =IF(D13>E13,"Local",IF(D13=E13,"Empate","Visitante")) | G13: =D13-E13
A14: 12 | B14: Inglaterra | C14: RD Congo | D14: 3 | E14: 1 | F14: =IF(D14>E14,"Local",IF(D14=E14,"Empate","Visitante")) | G14: =D14-E14
... A18: 16 | B18: Colombia | C18: Ghana | D18: 2 | E18: 1 | F18: =IF(D18>E18,"Local",IF(D18=E18,"Empate","Visitante")) | G18: =D18-E18
A20: PARTIDOS DE OCTAVOS DE FINAL
A21: Partido | B21: Local | C21: Visitante | D21: G_Local | E21: G_Visitante | F21: Resultado | G21: Diferencia
A22: 1 | B22: Paraguay | C22: Francia | D22: 0 | E22: 3 | F22: =IF(D22>E22,"Local",IF(D22=E22,"Empate","Visitante")) | G22: =D22-E22
A23: 2 | B23: Canadá | C23: Marruecos | D23: 0 | E23: 2 | F23: =IF(D23>E23,"Local",IF(D23=E23,"Empate","Visitante")) | G23: =D23-E23
A24: 3 | B24: Portugal | C24: España | D24: 1 | E24: 2 | F24: =IF(D24>E24,"Local",IF(D24=E24,"Empate","Visitante")) | G24: =D24-E24
A25: 4 | B25: Estados Unidos | C25: Bélgica | D25: 1 | E25: 2 | F25: =IF(D25>E25,"Local",IF(D25=E25,"Empate","Visitante")) | G25: =D25-E25
A26: 5 | B26: Brasil | C26: Noruega | D26: 3 | E26: 1 | F26: =IF(D26>E26,"Local",IF(D26=E26,"Empate","Visitante")) | G26: =D26-E26
A27: 6 | B27: México | C27: Inglaterra | D27: 1 | E27: 2 | F27: =IF(D27>E27,"Local",IF(D27=E27,"Empate","Visitante")) | G27: =D27-E27
A28: 7 | B28: Argentina | C28: Egipto | D28: 2 | E28: 0 | F28: =IF(D28>E28,"Local",IF(D28=E28,"Empate","Visitante")) | G28: =D28-E28
A29: 8 | B29: Suiza | C29: Colombia | D29: 1 | E29: 2 | F29: =IF(D29>E29,"Local",IF(D29=E29,"Empate","Visitante")) | G29: =D29-E29
A31: PARTIDOS DE CUARTOS DE FINAL
A32: Partido | B32: Local | C32: Visitante | D32: G_Local | E32: G_Visitante | F32: Resultado | G32: Diferencia
A33: 1 | B33: Francia | C33: Marruecos | D33: 2 | E33: 1 | F33: =IF(D33>E33,"Local",IF(D33=E33,"Empate","Visitante")) | G33: =D33-E33
A34: 2 | B34: España | C34: Bélgica | D34: 2 | E34: 0 | F34: =IF(D34>E34,"Local",IF(D34=E34,"Empate","Visitante")) | G34: =D34-E34
A35: 3 | B35: Noruega | C35: {=IF(OR(INDEX($F$23:$F$29,(ROW()-33)*2+2)="Empate",INDEX($F$23:$F$29,(ROW()-33)*2+2)=""),"",IF(INDEX($F$23:$F$29,(ROW()-33)*2+2)="Local",INDEX($B$23:$B$29,(ROW()-33)*2+2),INDEX($C$23:$C$29,(ROW()-33)*2+2)))} | D35: 1 | E35: 2 | F35: =IF(D35>E35,"Local",IF(D35=E35,"Empate","Visitante")) | G35: =D35-E35
A36: 4 | B36: Argentina | C36: Suiza | D36: 2 | E36: 1 | F36: =IF(D36>E36,"Local",IF(D36=E36,"Empate","Visitante")) | G36: =D36-E36
A38: PARTIDOS DE SEMIFINAL
A39: Partido | B39: Local | C39: Visitante | D39: G_Local | E39: G_Visitante | F39: Resultado | G39: Diferencia
A40: 1 | B40: Francia | C40: España | D40: 2 | E40: 3 | F40: =IF(D40>E40,"Local",IF(D40=E40,"Empate","Visitante")) | G40: =D40-E40
A41: 2 | B41: Inglaterra | C41: Argentina | D41: 1 | E41: 1 | F41: =IF(D41>E41,"Local",IF(D41=E41,"Empate","Visitante")) | G41: =D41-E41
A43: PARTIDOS DE TERCEROS
A44: Partido | B44: Local | C44: Visitante | D44: G_Local | E44: G_Visitante | F44: Resultado | G44: Diferencia
A45: 1 | B45: Francia | C45: Inglaterra | D45: 3 | E45: 1 | F45: =IF(D45>E45,"Local",IF(D45=E45,"Empate","Visitante")) | G45: =D45-E45
A47: PARTIDOS DE FINAL
A48: Partido | B48: Local | C48: Visitante | D48: G_Local | E48: G_Visitante | F48: Resultado | G48: Diferencia
A49: 1 | B49: España | C49: Argentina | D49: 2 | E49: 1 | F49: =IF(D49>E49,"Local",IF(D49=E49,"Empate","Visitante")) | G49: =D49-E49

Sheet Predicciones_Camilo
A1: Partido | B1: Grupo | C1: Local | D1: Visitante | E1: G_Local | F1: G_Visitante | G1: Resultado | H1: Diferencia | J1: Grupo | K1: Posición | L1: Equipo | M1: Puntos | N1: Diferencia | O1: GF | P1: GC | Q1: Victorias | R1: Empates | S1: Derrotas | T1: Victorias_L | U1: Victorias_V | V1: Empates_L | W1: Empates_V | X1: Derrotas_L | Y1: Derrotas_V | Z1: GF_L | AA1: GF_V | AB1: GC_L | AC1: GC_V
A2: 1 | B2: A | C2: México | D2: Sudáfrica | E2: 2 | F2: 0 | G2: =IF(E2>F2,"Local",IF(E2=F2,"Empate","Visitante")) | H2: =E2-F2 | J2: A | K2: 1 | L2: México | M2: =(Q2*3)+R2 | N2: =O2-P2 | O2: =Z2+AA2 | P2: =AB2+AC2 | Q2: =T2+U2 | R2: =V2+W2 | S2: =X2+Y2 | T2: =COUNTIFS(C:C,L2,G:G,"Local") | U2: =COUNTIFS(D:D,L2,G:G,"Visitante") | V2: =COUNTIFS(C:C,L2,G:G,"Empate") | W2: =COUNTIFS(D:D,L2,G:G,"Empate") | X2: =COUNTIFS(C:C,L2,G:G,"Visitante") | Y2: =COUNTIFS(D:D,L2,G:G,"Local") | Z2: =SUMIF(C:C,L2,E:E) | AA2: =SUMIF(D:D,L2,F:F) | AB2: =SUMIF(C:C,L2,F:F) | AC2: =SUMIF(D:D,L2,E:E)
A3: 2 | B3: A | C3: Corea del Sur | D3: República Checa | E3: 1 | F3: 1 | G3: =IF(E3>F3,"Local",IF(E3=F3,"Empate","Visitante")) | H3: =E3-F3 | K3: 2 | L3: Corea del Sur | M3: =(Q3*3)+R3 | N3: =O3-P3 | O3: =Z3+AA3 | P3: =AB3+AC3 | Q3: =T3+U3 | R3: =V3+W3 | S3: =X3+Y3 | T3: =COUNTIFS(C:C,L3,G:G,"Local") | U3: =COUNTIFS(D:D,L3,G:G,"Visitante") | V3: =COUNTIFS(C:C,L3,G:G,"Empate") | W3: =COUNTIFS(D:D,L3,G:G,"Empate") | X3: =COUNTIFS(C:C,L3,G:G,"Visitante") | Y3: =COUNTIFS(D:D,L3,G:G,"Local") | Z3: =SUMIF(C:C,L3,E:E) | AA3: =SUMIF(D:D,L3,F:F) | AB3: =SUMIF(C:C,L3,F:F) | AC3: =SUMIF(D:D,L3,E:E)
A4: 3 | B4: A | C4: República Checa | D4: Sudáfrica | E4: 3 | F4: 1 | G4: =IF(E4>F4,"Local",IF(E4=F4,"Empate","Visitante")) | H4: =E4-F4 | K4: 3 | L4: República Checa | M4: =(Q4*3)+R4 | N4: =O4-P4 | O4: =Z4+AA4 | P4: =AB4+AC4 | Q4: =T4+U4 | R4: =V4+W4 | S4: =X4+Y4 | T4: =COUNTIFS(C:C,L4,G:G,"Local") | U4: =COUNTIFS(D:D,L4,G:G,"Visitante") | V4: =COUNTIFS(C:C,L4,G:G,"Empate") | W4: =COUNTIFS(D:D,L4,G:G,"Empate") | X4: =COUNTIFS(C:C,L4,G:G,"Visitante") | Y4: =COUNTIFS(D:D,L4,G:G,"Local") | Z4: =SUMIF(C:C,L4,E:E) | AA4: =SUMIF(D:D,L4,F:F) | AB4: =SUMIF(C:C,L4,F:F) | AC4: =SUMIF(D:D,L4,E:E)
A5: 4 | B5: A | C5: México | D5: Corea del Sur | E5: 2 | F5: 2 | G5: =IF(E5>F5,"Local",IF(E5=F5,"Empate","Visitante")) | H5: =E5-F5 | K5: 4 | L5: Sudáfrica | M5: =(Q5*3)+R5 | N5: =O5-P5 | O5: =Z5+AA5 | P5: =AB5+AC5 | Q5: =T5+U5 | R5: =V5+W5 | S5: =X5+Y5 | T5: =COUNTIFS(C:C,L5,G:G,"Local") | U5: =COUNTIFS(D:D,L5,G:G,"Visitante") | V5: =COUNTIFS(C:C,L5,G:G,"Empate") | W5: =COUNTIFS(D:D,L5,G:G,"Empate") | X5: =COUNTIFS(C:C,L5,G:G,"Visitante") | Y5: =COUNTIFS(D:D,L5,G:G,"Local") | Z5: =SUMIF(C:C,L5,E:E) | AA5: =SUMIF(D:D,L5,F:F) | AB5: =SUMIF(C:C,L5,F:F) | AC5: =SUMIF(D:D,L5,E:E)
A6: 5 | B6: A | C6: República Checa | D6: México | E6: 1 | F6: 1 | G6: =IF(E6>F6,"Local",IF(E6=F6,"Empate","Visitante")) | H6: =E6-F6
A7: 6 | B7: A | C7: Sudáfrica | D7: Corea del Sur | E7: 0 | F7: 1 | G7: =IF(E7>F7,"Local",IF(E7=F7,"Empate","Visitante")) | H7: =E7-F7 | J7: Grupo | K7: Posición | L7: Equipo | M7: Puntos | N7: Diferencia | O7: GF | P7: GC | Q7: Victorias | R7: Empates | S7: Derrotas | T7: Victorias_L | U7: Victorias_V | V7: Empates_L | W7: Empates_V | X7: Derrotas_L | Y7: Derrotas_V | Z7: GF_L | AA7: GF_V | AB7: GC_L | AC7: GC_V
A8: 7 | B8: B | C8: Canadá | D8: Bosnia y Herzegovina | E8: 1 | F8: 2 | G8: =IF(E8>F8,"Local",IF(E8=F8,"Empate","Visitante")) | H8: =E8-F8 | J8: B | K8: 1 | L8: Suiza | M8: =(Q8*3)+R8 | N8: =O8-P8 | O8: =Z8+AA8 | P8: =AB8+AC8 | Q8: =T8+U8 | R8: =V8+W8 | S8: =X8+Y8 | T8: =COUNTIFS(C:C,L8,G:G,"Local") | U8: =COUNTIFS(D:D,L8,G:G,"Visitante") | V8: =COUNTIFS(C:C,L8,G:G,"Empate") | W8: =COUNTIFS(D:D,L8,G:G,"Empate") | X8: =COUNTIFS(C:C,L8,G:G,"Visitante") | Y8: =COUNTIFS(D:D,L8,G:G,"Local") | Z8: =SUMIF(C:C,L8,E:E) | AA8: =SUMIF(D:D,L8,F:F) | AB8: =SUMIF(C:C,L8,F:F) | AC8: =SUMIF(D:D,L8,E:E)
A9: 8 | B9: B | C9: Catar | D9: Suiza | E9: 0 | F9: 3 | G9: =IF(E9>F9,"Local",IF(E9=F9,"Empate","Visitante")) | H9: =E9-F9 | K9: 2 | L9: Bosnia y Herzegovina | M9: =(Q9*3)+R9 | N9: =O9-P9 | O9: =Z9+AA9 | P9: =AB9+AC9 | Q9: =T9+U9 | R9: =V9+W9 | S9: =X9+Y9 | T9: =COUNTIFS(C:C,L9,G:G,"Local") | U9: =COUNTIFS(D:D,L9,G:G,"Visitante") | V9: =COUNTIFS(C:C,L9,G:G,"Empate") | W9: =COUNTIFS(D:D,L9,G:G,"Empate") | X9: =COUNTIFS(C:C,L9,G:G,"Visitante") | Y9: =COUNTIFS(D:D,L9,G:G,"Local") | Z9: =SUMIF(C:C,L9,E:E) | AA9: =SUMIF(D:D,L9,F:F) | AB9: =SUMIF(C:C,L9,F:F) | AC9: =SUMIF(D:D,L9,E:E)
A10: 9 | B10: B | C10: Suiza | D10: Bosnia y Herzegovina | E10: 1 | F10: 0 | G10: =IF(E10>F10,"Local",IF(E10=F10,"Empate","Visitante")) | H10: =E10-F10 | K10: 3 | L10: Canadá | M10: =(Q10*3)+R10 | N10: =O10-P10 | O10: =Z10+AA10 | P10: =AB10+AC10 | Q10: =T10+U10 | R10: =V10+W10 | S10: =X10+Y10 | T10: =COUNTIFS(C:C,L10,G:G,"Local") | U10: =COUNTIFS(D:D,L10,G:G,"Visitante") | V10: =COUNTIFS(C:C,L10,G:G,"Empate") | W10: =COUNTIFS(D:D,L10,G:G,"Empate") | X10: =COUNTIFS(C:C,L10,G:G,"Visitante") | Y10: =COUNTIFS(D:D,L10,G:G,"Local") | Z10: =SUMIF(C:C,L10,E:E) | AA10: =SUMIF(D:D,L10,F:F) | AB10: =SUMIF(C:C,L10,F:F) | AC10: =SUMIF(D:D,L10,E:E)
A11: 10 | B11: B | C11: Canadá | D11: Catar | E11: 2 | F11: 1 | G11: =IF(E11>F11,"Local",IF(E11=F11,"Empate","Visitante")) | H11: =E11-F11 | K11: 4 | L11: Catar | M11: =(Q11*3)+R11 | N11: =O11-P11 | O11: =Z11+AA11 | P11: =AB11+AC11 | Q11: =T11+U11 | R11: =V11+W11 | S11: =X11+Y11 | T11: =COUNTIFS(C:C,L11,G:G,"Local") | U11: =COUNTIFS(D:D,L11,G:G,"Visitante") | V11: =COUNTIFS(C:C,L11,G:G,"Empate") | W11: =COUNTIFS(D:D,L11,G:G,"Empate") | X11: =COUNTIFS(C:C,L11,G:G,"Visitante") | Y11: =COUNTIFS(D:D,L11,G:G,"Local") | Z11: =SUMIF(C:C,L11,E:E) | AA11: =SUMIF(D:D,L11,F:F) | AB11: =SUMIF(C:C,L11,F:F) | AC11: =SUMIF(D:D,L11,E:E)
A12: 11 | B12: B | C12: Suiza | D12: Canadá | E12: 2 | F12: 1 | G12: =IF(E12>F12,"Local",IF(E12=F12,"Empate","Visitante")) | H12: =E12-F12
A13: 12 | B13: B | C13: Bosnia y Herzegovina | D13: Catar | E13: 3 | F13: 1 | G13: =IF(E13>F13,"Local",IF(E13=F13,"Empate","Visitante")) | H13: =E13-F13 | J13: Grupo | K13: Posición | L13: Equipo | M13: Puntos | N13: Diferencia | O13: GF | P13: GC | Q13: Victorias | R13: Empates | S13: Derrotas | T13: Victorias_L | U13: Victorias_V | V13: Empates_L | W13: Empates_V | X13: Derrotas_L | Y13: Derrotas_V | Z13: GF_L | AA13: GF_V | AB13: GC_L | AC13: GC_V
A14: 13 | B14: C | C14: Brasil | D14: Marruecos | E14: 1 | F14: 1 | G14: =IF(E14>F14,"Local",IF(E14=F14,"Empate","Visitante")) | H14: =E14-F14 | J14: C | K14: 1 | L14: Brasil | M14: =(Q14*3)+R14 | N14: =O14-P14 | O14: =Z14+AA14 | P14: =AB14+AC14 | Q14: =T14+U14 | R14: =V14+W14 | S14: =X14+Y14 | T14: =COUNTIFS(C:C,L14,G:G,"Local") | U14: =COUNTIFS(D:D,L14,G:G,"Visitante") | V14: =COUNTIFS(C:C,L14,G:G,"Empate") | W14: =COUNTIFS(D:D,L14,G:G,"Empate") | X14: =COUNTIFS(C:C,L14,G:G,"Visitante") | Y14: =COUNTIFS(D:D,L14,G:G,"Local") | Z14: =SUMIF(C:C,L14,E:E) | AA14: =SUMIF(D:D,L14,F:F) | AB14: =SUMIF(C:C,L14,F:F) | AC14: =SUMIF(D:D,L14,E:E)
A15: 14 | B15: C | C15: Haití | D15: Escocia | E15: 1 | F15: 2 | G15: =IF(E15>F15,"Local",IF(E15=F15,"Empate","Visitante")) | H15: =E15-F15 | K15: 2 | L15: Marruecos | M15: =(Q15*3)+R15 | N15: =O15-P15 | O15: =Z15+AA15 | P15: =AB15+AC15 | Q15: =T15+U15 | R15: =V15+W15 | S15: =X15+Y15 | T15: =COUNTIFS(C:C,L15,G:G,"Local") | U15: =COUNTIFS(D:D,L15,G:G,"Visitante") | V15: =COUNTIFS(C:C,L15,G:G,"Empate") | W15: =COUNTIFS(D:D,L15,G:G,"Empate") | X15: =COUNTIFS(C:C,L15,G:G,"Visitante") | Y15: =COUNTIFS(D:D,L15,G:G,"Local") | Z15: =SUMIF(C:C,L15,E:E) | AA15: =SUMIF(D:D,L15,F:F) | AB15: =SUMIF(C:C,L15,F:F) | AC15: =SUMIF(D:D,L15,E:E)
A16: 15 | B16: C | C16: Escocia | D16: Marruecos | E16: 0 | F16: 1 | G16: =IF(E16>F16,"Local",IF(E16=F16,"Empate","Visitante")) | H16: =E16-F16 | K16: 3 | L16: Escocia | M16: =(Q16*3)+R16 | N16: =O16-P16 | O16: =Z16+AA16 | P16: =AB16+AC16 | Q16: =T16+U16 | R16: =V16+W16 | S16: =X16+Y16 | T16: =COUNTIFS(C:C,L16,G:G,"Local") | U16: =COUNTIFS(D:D,L16,G:G,"Visitante") | V16: =COUNTIFS(C:C,L16,G:G,"Empate") | W16: =COUNTIFS(D:D,L16,G:G,"Empate") | X16: =COUNTIFS(C:C,L16,G:G,"Visitante") | Y16: =COUNTIFS(D:D,L16,G:G,"Local") | Z16: =SUMIF(C:C,L16,E:E) | AA16: =SUMIF(D:D,L16,F:F) | AB16: =SUMIF(C:C,L16,F:F) | AC16: =SUMIF(D:D,L16,E:E)
A17: 16 | B17: C | C17: Brasil | D17: Haití | E17: 4 | F17: 1 | G17: =IF(E17>F17,"Local",IF(E17=F17,"Empate","Visitante")) | H17: =E17-F17 | K17: 4 | L17: Haití | M17: =(Q17*3)+R17 | N17: =O17-P17 | O17: =Z17+AA17 | P17: =AB17+AC17 | Q17: =T17+U17 | R17: =V17+W17 | S17: =X17+Y17 | T17: =COUNTIFS(C:C,L17,G:G,"Local") | U17: =COUNTIFS(D:D,L17,G:G,"Visitante") | V17: =COUNTIFS(C:C,L17,G:G,"Empate") | W17: =COUNTIFS(D:D,L17,G:G,"Empate") | X17: =COUNTIFS(C:C,L17,G:G,"Visitante") | Y17: =COUNTIFS(D:D,L17,G:G,"Local") | Z17: =SUMIF(C:C,L17,E:E) | AA17: =SUMIF(D:D,L17,F:F) | AB17: =SUMIF(C:C,L17,F:F) | AC17: =SUMIF(D:D,L17,E:E)
A18: 17 | B18: C | C18: Escocia | D18: Brasil | E18: 1 | F18: 2 | G18: =IF(E18>F18,"Local",IF(E18=F18,"Empate","Visitante")) | H18: =E18-F18
A19: 18 | B19: C | C19: Marruecos | D19: Haití | E19: 2 | F19: 0 | G19: =IF(E19>F19,"Local",IF(E19=F19,"Empate","Visitante")) | H19: =E19-F19 | J19: Grupo | K19: Posición | L19: Equipo | M19: Puntos | N19: Diferencia | O19: GF | P19: GC | Q19: Victorias | R19: Empates | S19: Derrotas | T19: Victorias_L | U19: Victorias_V | V19: Empates_L | W19: Empates_V | X19: Derrotas_L | Y19: Derrotas_V | Z19: GF_L | AA19: GF_V | AB19: GC_L | AC19: GC_V
A20: 19 | B20: D | C20: Estados Unidos | D20: Paraguay | E20: 1 | F20: 1 | G20: =IF(E20>F20,"Local",IF(E20=F20,"Empate","Visitante")) | H20: =E20-F20 | J20: D | K20: 1 | L20: Turquía | M20: =(Q20*3)+R20 | N20: =O20-P20 | O20: =Z20+AA20 | P20: =AB20+AC20 | Q20: =T20+U20 | R20: =V20+W20 | S20: =X20+Y20 | T20: =COUNTIFS(C:C,L20,G:G,"Local") | U20: =COUNTIFS(D:D,L20,G:G,"Visitante") | V20: =COUNTIFS(C:C,L20,G:G,"Empate") | W20: =COUNTIFS(D:D,L20,G:G,"Empate") | X20: =COUNTIFS(C:C,L20,G:G,"Visitante") | Y20: =COUNTIFS(D:D,L20,G:G,"Local") | Z20: =SUMIF(C:C,L20,E:E) | AA20: =SUMIF(D:D,L20,F:F) | AB20: =SUMIF(C:C,L20,F:F) | AC20: =SUMIF(D:D,L20,E:E)
A21: 20 | B21: D | C21: Australia | D21: Turquía | E21: 0 | F21: 2 | G21: =IF(E21>F21,"Local",IF(E21=F21,"Empate","Visitante")) | H21: =E21-F21 | K21: 2 | L21: Paraguay | M21: =(Q21*3)+R21 | N21: =O21-P21 | O21: =Z21+AA21 | P21: =AB21+AC21 | Q21: =T21+U21 | R21: =V21+W21 | S21: =X21+Y21 | T21: =COUNTIFS(C:C,L21,G:G,"Local") | U21: =COUNTIFS(D:D,L21,G:G,"Visitante") | V21: =COUNTIFS(C:C,L21,G:G,"Empate") | W21: =COUNTIFS(D:D,L21,G:G,"Empate") | X21: =COUNTIFS(C:C,L21,G:G,"Visitante") | Y21: =COUNTIFS(D:D,L21,G:G,"Local") | Z21: =SUMIF(C:C,L21,E:E) | AA21: =SUMIF(D:D,L21,F:F) | AB21: =SUMIF(C:C,L21,F:F) | AC21: =SUMIF(D:D,L21,E:E)
A22: 21 | B22: D | C22: Estados Unidos | D22: Australia | E22: 2 | F22: 1 | G22: =IF(E22>F22,"Local",IF(E22=F22,"Empate","Visitante")) | H22: =E22-F22 | K22: 3 | L22: Estados Unidos | M22: =(Q22*3)+R22 | N22: =O22-P22 | O22: =Z22+AA22 | P22: =AB22+AC22 | Q22: =T22+U22 | R22: =V22+W22 | S22: =X22+Y22 | T22: =COUNTIFS(C:C,L22,G:G,"Local") | U22: =COUNTIFS(D:D,L22,G:G,"Visitante") | V22: =COUNTIFS(C:C,L22,G:G,"Empate") | W22: =COUNTIFS(D:D,L22,G:G,"Empate") | X22: =COUNTIFS(C:C,L22,G:G,"Visitante") | Y22: =COUNTIFS(D:D,L22,G:G,"Local") | Z22: =SUMIF(C:C,L22,E:E) | AA22: =SUMIF(D:D,L22,F:F) | AB22: =SUMIF(C:C,L22,F:F) | AC22: =SUMIF(D:D,L22,E:E)
A23: 22 | B23: D | C23: Turquía | D23: Paraguay | E23: 0 | F23: 0 | G23: =IF(E23>F23,"Local",IF(E23=F23,"Empate","Visitante")) | H23: =E23-F23 | K23: 4 | L23: Australia | M23: =(Q23*3)+R23 | N23: =O23-P23 | O23: =Z23+AA23 | P23: =AB23+AC23 | Q23: =T23+U23 | R23: =V23+W23 | S23: =X23+Y23 | T23: =COUNTIFS(C:C,L23,G:G,"Local") | U23: =COUNTIFS(D:D,L23,G:G,"Visitante") | V23: =COUNTIFS(C:C,L23,G:G,"Empate") | W23: =COUNTIFS(D:D,L23,G:G,"Empate") | X23: =COUNTIFS(C:C,L23,G:G,"Visitante") | Y23: =COUNTIFS(D:D,L23,G:G,"Local") | Z23: =SUMIF(C:C,L23,E:E) | AA23: =SUMIF(D:D,L23,F:F) | AB23: =SUMIF(C:C,L23,F:F) | AC23: =SUMIF(D:D,L23,E:E)
A24: 23 | B24: D | C24: Turquía | D24: Estados Unidos | E24: 1 | F24: 0 | G24: =IF(E24>F24,"Local",IF(E24=F24,"Empate","Visitante")) | H24: =E24-F24
A25: 24 | B25: D | C25: Paraguay | D25: Australia | E25: 2 | F25: 0 | G25: =IF(E25>F25,"Local",IF(E25=F25,"Empate","Visitante")) | H25: =E25-F25 | J25: Grupo | K25: Posición | L25: Equipo | M25: Puntos | N25: Diferencia | O25: GF | P25: GC | Q25: Victorias | R25: Empates | S25: Derrotas | T25: Victorias_L | U25: Victorias_V | V25: Empates_L | W25: Empates_V | X25: Derrotas_L | Y25: Derrotas_V | Z25: GF_L | AA25: GF_V | AB25: GC_L | AC25: GC_V
A26: 25 | B26: E | C26: Alemania | D26: Curazao | E26: 4 | F26: 0 | G26: =IF(E26>F26,"Local",IF(E26=F26,"Empate","Visitante")) | H26: =E26-F26 | J26: E | K26: 1 | L26: Alemania | M26: =(Q26*3)+R26 | N26: =O26-P26 | O26: =Z26+AA26 | P26: =AB26+AC26 | Q26: =T26+U26 | R26: =V26+W26 | S26: =X26+Y26 | T26: =COUNTIFS(C:C,L26,G:G,"Local") | U26: =COUNTIFS(D:D,L26,G:G,"Visitante") | V26: =COUNTIFS(C:C,L26,G:G,"Empate") | W26: =COUNTIFS(D:D,L26,G:G,"Empate") | X26: =COUNTIFS(C:C,L26,G:G,"Visitante") | Y26: =COUNTIFS(D:D,L26,G:G,"Local") | Z26: =SUMIF(C:C,L26,E:E) | AA26: =SUMIF(D:D,L26,F:F) | AB26: =SUMIF(C:C,L26,F:F) | AC26: =SUMIF(D:D,L26,E:E)
A27: 26 | B27: E | C27: Costa de Marfil | D27: Ecuador | E27: 1 | F27: 2 | G27: =IF(E27>F27,"Local",IF(E27=F27,"Empate","Visitante")) | H27: =E27-F27 | K27: 2 | L27: Ecuador | M27: =(Q27*3)+R27 | N27: =O27-P27 | O27: =Z27+AA27 | P27: =AB27+AC27 | Q27: =T27+U27 | R27: =V27+W27 | S27: =X27+Y27 | T27: =COUNTIFS(C:C,L27,G:G,"Local") | U27: =COUNTIFS(D:D,L27,G:G,"Visitante") | V27: =COUNTIFS(C:C,L27,G:G,"Empate") | W27: =COUNTIFS(D:D,L27,G:G,"Empate") | X27: =COUNTIFS(C:C,L27,G:G,"Visitante") | Y27: =COUNTIFS(D:D,L27,G:G,"Local") | Z27: =SUMIF(C:C,L27,E:E) | AA27: =SUMIF(D:D,L27,F:F) | AB27: =SUMIF(C:C,L27,F:F) | AC27: =SUMIF(D:D,L27,E:E)
A28: 27 | B28: E | C28: Alemania | D28: Costa de Marfil | E28: 2 | F28: 0 | G28: =IF(E28>F28,"Local",IF(E28=F28,"Empate","Visitante")) | H28: =E28-F28 | K28: 3 | L28: Costa de Marfil | M28: =(Q28*3)+R28 | N28: =O28-P28 | O28: =Z28+AA28 | P28: =AB28+AC28 | Q28: =T28+U28 | R28: =V28+W28 | S28: =X28+Y28 | T28: =COUNTIFS(C:C,L28,G:G,"Local") | U28: =COUNTIFS(D:D,L28,G:G,"Visitante") | V28: =COUNTIFS(C:C,L28,G:G,"Empate") | W28: =COUNTIFS(D:D,L28,G:G,"Empate") | X28: =COUNTIFS(C:C,L28,G:G,"Visitante") | Y28: =COUNTIFS(D:D,L28,G:G,"Local") | Z28: =SUMIF(C:C,L28,E:E) | AA28: =SUMIF(D:D,L28,F:F) | AB28: =SUMIF(C:C,L28,F:F) | AC28: =SUMIF(D:D,L28,E:E)
A29: 28 | B29: E | C29: Ecuador | D29: Curazao | E29: 1 | F29: 0 | G29: =IF(E29>F29,"Local",IF(E29=F29,"Empate","Visitante")) | H29: =E29-F29 | K29: 4 | L29: Curazao | M29: =(Q29*3)+R29 | N29: =O29-P29 | O29: =Z29+AA29 | P29: =AB29+AC29 | Q29: =T29+U29 | R29: =V29+W29 | S29: =X29+Y29 | T29: =COUNTIFS(C:C,L29,G:G,"Local") | U29: =COUNTIFS(D:D,L29,G:G,"Visitante") | V29: =COUNTIFS(C:C,L29,G:G,"Empate") | W29: =COUNTIFS(D:D,L29,G:G,"Empate") | X29: =COUNTIFS(C:C,L29,G:G,"Visitante") | Y29: =COUNTIFS(D:D,L29,G:G,"Local") | Z29: =SUMIF(C:C,L29,E:E) | AA29: =SUMIF(D:D,L29,F:F) | AB29: =SUMIF(C:C,L29,F:F) | AC29: =SUMIF(D:D,L29,E:E)
A30: 29 | B30: E | C30: Curazao | D30: Costa de Marfil | E30: 1 | F30: 2 | G30: =IF(E30>F30,"Local",IF(E30=F30,"Empate","Visitante")) | H30: =E30-F30
A31: 30 | B31: E | C31: Ecuador | D31: Alemania | E31: 0 | F31: 1 | G31: =IF(E31>F31,"Local",IF(E31=F31,"Empate","Visitante")) | H31: =E31-F31 | J31: Grupo | K31: Posición | L31: Equipo | M31: Puntos | N31: Diferencia | O31: GF | P31: GC | Q31: Victorias | R31: Empates | S31: Derrotas | T31: Victorias_L | U31: Victorias_V | V31: Empates_L | W31: Empates_V | X31: Derrotas_L | Y31: Derrotas_V | Z31: GF_L | AA31: GF_V | AB31: GC_L | AC31: GC_V
A32: 31 | B32: F | C32: Países Bajos | D32: Japón | E32: 2 | F32: 1 | G32: =IF(E32>F32,"Local",IF(E32=F32,"Empate","Visitante")) | H32: =E32-F32 | J32: F | K32: 1 | L32: Países Bajos | M32: =(Q32*3)+R32 | N32: =O32-P32 | O32: =Z32+AA32 | P32: =AB32+AC32 | Q32: =T32+U32 | R32: =V32+W32 | S32: =X32+Y32 | T32: =COUNTIFS(C:C,L32,G:G,"Local") | U32: =COUNTIFS(D:D,L32,G:G,"Visitante") | V32: =COUNTIFS(C:C,L32,G:G,"Empate") | W32: =COUNTIFS(D:D,L32,G:G,"Empate") | X32: =COUNTIFS(C:C,L32,G:G,"Visitante") | Y32: =COUNTIFS(D:D,L32,G:G,"Local") | Z32: =SUMIF(C:C,L32,E:E) | AA32: =SUMIF(D:D,L32,F:F) | AB32: =SUMIF(C:C,L32,F:F) | AC32: =SUMIF(D:D,L32,E:E)
A33: 32 | B33: F | C33: Suecia | D33: Túnez | E33: 2 | F33: 0 | G33: =IF(E33>F33,"Local",IF(E33=F33,"Empate","Visitante")) | H33: =E33-F33 | K33: 2 | L33: Japón | M33: =(Q33*3)+R33 | N33: =O33-P33 | O33: =Z33+AA33 | P33: =AB33+AC33 | Q33: =T33+U33 | R33: =V33+W33 | S33: =X33+Y33 | T33: =COUNTIFS(C:C,L33,G:G,"Local") | U33: =COUNTIFS(D:D,L33,G:G,"Visitante") | V33: =COUNTIFS(C:C,L33,G:G,"Empate") | W33: =COUNTIFS(D:D,L33,G:G,"Empate") | X33: =COUNTIFS(C:C,L33,G:G,"Visitante") | Y33: =COUNTIFS(D:D,L33,G:G,"Local") | Z33: =SUMIF(C:C,L33,E:E) | AA33: =SUMIF(D:D,L33,F:F) | AB33: =SUMIF(C:C,L33,F:F) | AC33: =SUMIF(D:D,L33,E:E)
A34: 33 | B34: F | C34: Países Bajos | D34: Suecia | E34: 1 | F34: 1 | G34: =IF(E34>F34,"Local",IF(E34=F34,"Empate","Visitante")) | H34: =E34-F34 | K34: 3 | L34: Suecia | M34: =(Q34*3)+R34 | N34: =O34-P34 | O34: =Z34+AA34 | P34: =AB34+AC34 | Q34: =T34+U34 | R34: =V34+W34 | S34: =X34+Y34 | T34: =COUNTIFS(C:C,L34,G:G,"Local") | U34: =COUNTIFS(D:D,L34,G:G,"Visitante") | V34: =COUNTIFS(C:C,L34,G:G,"Empate") | W34: =COUNTIFS(D:D,L34,G:G,"Empate") | X34: =COUNTIFS(C:C,L34,G:G,"Visitante") | Y34: =COUNTIFS(D:D,L34,G:G,"Local") | Z34: =SUMIF(C:C,L34,E:E) | AA34: =SUMIF(D:D,L34,F:F) | AB34: =SUMIF(C:C,L34,F:F) | AC34: =SUMIF(D:D,L34,E:E)
A35: 34 | B35: F | C35: Túnez | D35: Japón | E35: 0 | F35: 3 | G35: =IF(E35>F35,"Local",IF(E35=F35,"Empate","Visitante")) | H35: =E35-F35 | K35: 4 | L35: Túnez | M35: =(Q35*3)+R35 | N35: =O35-P35 | O35: =Z35+AA35 | P35: =AB35+AC35 | Q35: =T35+U35 | R35: =V35+W35 | S35: =X35+Y35 | T35: =COUNTIFS(C:C,L35,G:G,"Local") | U35: =COUNTIFS(D:D,L35,G:G,"Visitante") | V35: =COUNTIFS(C:C,L35,G:G,"Empate") | W35: =COUNTIFS(D:D,L35,G:G,"Empate") | X35: =COUNTIFS(C:C,L35,G:G,"Visitante") | Y35: =COUNTIFS(D:D,L35,G:G,"Local") | Z35: =SUMIF(C:C,L35,E:E) | AA35: =SUMIF(D:D,L35,F:F) | AB35: =SUMIF(C:C,L35,F:F) | AC35: =SUMIF(D:D,L35,E:E)
A36: 35 | B36: F | C36: Japón | D36: Suecia | E36: 2 | F36: 1 | G36: =IF(E36>F36,"Local",IF(E36=F36,"Empate","Visitante")) | H36: =E36-F36
A37: 36 | B37: F | C37: Túnez | D37: Países Bajos | E37: 0 | F37: 2 | G37: =IF(E37>F37,"Local",IF(E37=F37,"Empate","Visitante")) | H37: =E37-F37 | J37: Grupo | K37: Posición | L37: Equipo | M37: Puntos | N37: Diferencia | O37: GF | P37: GC | Q37: Victorias | R37: Empates | S37: Derrotas | T37: Victorias_L | U37: Victorias_V | V37: Empates_L | W37: Empates_V | X37: Derrotas_L | Y37: Derrotas_V | Z37: GF_L | AA37: GF_V | AB37: GC_L | AC37: GC_V
A38: 37 | B38: G | C38: Bélgica | D38: Egipto | E38: 2 | F38: 1 | G38: =IF(E38>F38,"Local",IF(E38=F38,"Empate","Visitante")) | H38: =E38-F38 | J38: G | K38: 1 | L38: Bélgica | M38: =(Q38*3)+R38 | N38: =O38-P38 | O38: =Z38+AA38 | P38: =AB38+AC38 | Q38: =T38+U38 | R38: =V38+W38 | S38: =X38+Y38 | T38: =COUNTIFS(C:C,L38,G:G,"Local") | U38: =COUNTIFS(D:D,L38,G:G,"Visitante") | V38: =COUNTIFS(C:C,L38,G:G,"Empate") | W38: =COUNTIFS(D:D,L38,G:G,"Empate") | X38: =COUNTIFS(C:C,L38,G:G,"Visitante") | Y38: =COUNTIFS(D:D,L38,G:G,"Local") | Z38: =SUMIF(C:C,L38,E:E) | AA38: =SUMIF(D:D,L38,F:F) | AB38: =SUMIF(C:C,L38,F:F) | AC38: =SUMIF(D:D,L38,E:E)
A39: 38 | B39: G | C39: Irán | D39: Nueva Zelanda | E39: 2 | F39: 0 | G39: =IF(E39>F39,"Local",IF(E39=F39,"Empate","Visitante")) | H39: =E39-F39 | K39: 2 | L39: Irán | M39: =(Q39*3)+R39 | N39: =O39-P39 | O39: =Z39+AA39 | P39: =AB39+AC39 | Q39: =T39+U39 | R39: =V39+W39 | S39: =X39+Y39 | T39: =COUNTIFS(C:C,L39,G:G,"Local") | U39: =COUNTIFS(D:D,L39,G:G,"Visitante") | V39: =COUNTIFS(C:C,L39,G:G,"Empate") | W39: =COUNTIFS(D:D,L39,G:G,"Empate") | X39: =COUNTIFS(C:C,L39,G:G,"Visitante") | Y39: =COUNTIFS(D:D,L39,G:G,"Local") | Z39: =SUMIF(C:C,L39,E:E) | AA39: =SUMIF(D:D,L39,F:F) | AB39: =SUMIF(C:C,L39,F:F) | AC39: =SUMIF(D:D,L39,E:E)
A40: 39 | B40: G | C40: Bélgica | D40: Irán | E40: 1 | F40: 1 | G40: =IF(E40>F40,"Local",IF(E40=F40,"Empate","Visitante")) | H40: =E40-F40 | K40: 3 | L40: Egipto | M40: =(Q40*3)+R40 | N40: =O40-P40 | O40: =Z40+AA40 | P40: =AB40+AC40 | Q40: =T40+U40 | R40: =V40+W40 | S40: =X40+Y40 | T40: =COUNTIFS(C:C,L40,G:G,"Local") | U40: =COUNTIFS(D:D,L40,G:G,"Visitante") | V40: =COUNTIFS(C:C,L40,G:G,"Empate") | W40: =COUNTIFS(D:D,L40,G:G,"Empate") | X40: =COUNTIFS(C:C,L40,G:G,"Visitante") | Y40: =COUNTIFS(D:D,L40,G:G,"Local") | Z40: =SUMIF(C:C,L40,E:E) | AA40: =SUMIF(D:D,L40,F:F) | AB40: =SUMIF(C:C,L40,F:F) | AC40: =SUMIF(D:D,L40,E:E)
A41: 40 | B41: G | C41: Nueva Zelanda | D41: Egipto | E41: 1 | F41: 1 | G41: =IF(E41>F41,"Local",IF(E41=F41,"Empate","Visitante")) | H41: =E41-F41 | K41: 4 | L41: Nueva Zelanda | M41: =(Q41*3)+R41 | N41: =O41-P41 | O41: =Z41+AA41 | P41: =AB41+AC41 | Q41: =T41+U41 | R41: =V41+W41 | S41: =X41+Y41 | T41: =COUNTIFS(C:C,L41,G:G,"Local") | U41: =COUNTIFS(D:D,L41,G:G,"Visitante") | V41: =COUNTIFS(C:C,L41,G:G,"Empate") | W41: =COUNTIFS(D:D,L41,G:G,"Empate") | X41: =COUNTIFS(C:C,L41,G:G,"Visitante") | Y41: =COUNTIFS(D:D,L41,G:G,"Local") | Z41: =SUMIF(C:C,L41,E:E) | AA41: =SUMIF(D:D,L41,F:F) | AB41: =SUMIF(C:C,L41,F:F) | AC41: =SUMIF(D:D,L41,E:E)
A42: 41 | B42: G | C42: Egipto | D42: Irán | E42: 1 | F42: 2 | G42: =IF(E42>F42,"Local",IF(E42=F42,"Empate","Visitante")) | H42: =E42-F42
A43: 42 | B43: G | C43: Nueva Zelanda | D43: Bélgica | E43: 0 | F43: 3 | G43: =IF(E43>F43,"Local",IF(E43=F43,"Empate","Visitante")) | H43: =E43-F43 | J43: Grupo | K43: Posición | L43: Equipo | M43: Puntos | N43: Diferencia | O43: GF | P43: GC | Q43: Victorias | R43: Empates | S43: Derrotas | T43: Victorias_L | U43: Victorias_V | V43: Empates_L | W43: Empates_V | X43: Derrotas_L | Y43: Derrotas_V | Z43: GF_L | AA43: GF_V | AB43: GC_L | AC43: GC_V
A44: 43 | B44: H | C44: España | D44: Cabo Verde | E44: 5 | F44: 0 | G44: =IF(E44>F44,"Local",IF(E44=F44,"Empate","Visitante")) | H44: =E44-F44 | J44: H | K44: 1 | L44: España | M44: =(Q44*3)+R44 | N44: =O44-P44 | O44: =Z44+AA44 | P44: =AB44+AC44 | Q44: =T44+U44 | R44: =V44+W44 | S44: =X44+Y44 | T44: =COUNTIFS(C:C,L44,G:G,"Local") | U44: =COUNTIFS(D:D,L44,G:G,"Visitante") | V44: =COUNTIFS(C:C,L44,G:G,"Empate") | W44: =COUNTIFS(D:D,L44,G:G,"Empate") | X44: =COUNTIFS(C:C,L44,G:G,"Visitante") | Y44: =COUNTIFS(D:D,L44,G:G,"Local") | Z44: =SUMIF(C:C,L44,E:E) | AA44: =SUMIF(D:D,L44,F:F) | AB44: =SUMIF(C:C,L44,F:F) | AC44: =SUMIF(D:D,L44,E:E)
A45: 44 | B45: H | C45: Arabia Saudí | D45: Uruguay | E45: 1 | F45: 2 | G45: =IF(E45>F45,"Local",IF(E45=F45,"Empate","Visitante")) | H45: =E45-F45 | K45: 2 | L45: Uruguay | M45: =(Q45*3)+R45 | N45: =O45-P45 | O45: =Z45+AA45 | P45: =AB45+AC45 | Q45: =T45+U45 | R45: =V45+W45 | S45: =X45+Y45 | T45: =COUNTIFS(C:C,L45,G:G,"Local") | U45: =COUNTIFS(D:D,L45,G:G,"Visitante") | V45: =COUNTIFS(C:C,L45,G:G,"Empate") | W45: =COUNTIFS(D:D,L45,G:G,"Empate") | X45: =COUNTIFS(C:C,L45,G:G,"Visitante") | Y45: =COUNTIFS(D:D,L45,G:G,"Local") | Z45: =SUMIF(C:C,L45,E:E) | AA45: =SUMIF(D:D,L45,F:F) | AB45: =SUMIF(C:C,L45,F:F) | AC45: =SUMIF(D:D,L45,E:E)
A46: 45 | B46: H | C46: España | D46: Arabia Saudí | E46: 2 | F46: 0 | G46: =IF(E46>F46,"Local",IF(E46=F46,"Empate","Visitante")) | H46: =E46-F46 | K46: 3 | L46: Arabia Saudí | M46: =(Q46*3)+R46 | N46: =O46-P46 | O46: =Z46+AA46 | P46: =AB46+AC46 | Q46: =T46+U46 | R46: =V46+W46 | S46: =X46+Y46 | T46: =COUNTIFS(C:C,L46,G:G,"Local") | U46: =COUNTIFS(D:D,L46,G:G,"Visitante") | V46: =COUNTIFS(C:C,L46,G:G,"Empate") | W46: =COUNTIFS(D:D,L46,G:G,"Empate") | X46: =COUNTIFS(C:C,L46,G:G,"Visitante") | Y46: =COUNTIFS(D:D,L46,G:G,"Local") | Z46: =SUMIF(C:C,L46,E:E) | AA46: =SUMIF(D:D,L46,F:F) | AB46: =SUMIF(C:C,L46,F:F) | AC46: =SUMIF(D:D,L46,E:E)
A47: 46 | B47: H | C47: Uruguay | D47: Cabo Verde | E47: 2 | F47: 0 | G47: =IF(E47>F47,"Local",IF(E47=F47,"Empate","Visitante")) | H47: =E47-F47 | K47: 4 | L47: Cabo Verde | M47: =(Q47*3)+R47 | N47: =O47-P47 | O47: =Z47+AA47 | P47: =AB47+AC47 | Q47: =T47+U47 | R47: =V47+W47 | S47: =X47+Y47 | T47: =COUNTIFS(C:C,L47,G:G,"Local") | U47: =COUNTIFS(D:D,L47,G:G,"Visitante") | V47: =COUNTIFS(C:C,L47,G:G,"Empate") | W47: =COUNTIFS(D:D,L47,G:G,"Empate") | X47: =COUNTIFS(C:C,L47,G:G,"Visitante") | Y47: =COUNTIFS(D:D,L47,G:G,"Local") | Z47: =SUMIF(C:C,L47,E:E) | AA47: =SUMIF(D:D,L47,F:F) | AB47: =SUMIF(C:C,L47,F:F) | AC47: =SUMIF(D:D,L47,E:E)
A48: 47 | B48: H | C48: Cabo Verde | D48: Arabia Saudí | E48: 1 | F48: 2 | G48: =IF(E48>F48,"Local",IF(E48=F48,"Empate","Visitante")) | H48: =E48-F48
A49: 48 | B49: H | C49: Uruguay | D49: España | E49: 1 | F49: 3 | G49: =IF(E49>F49,"Local",IF(E49=F49,"Empate","Visitante")) | H49: =E49-F49 | J49: Grupo | K49: Posición | L49: Equipo | M49: Puntos | N49: Diferencia | O49: GF | P49: GC | Q49: Victorias | R49: Empates | S49: Derrotas | T49: Victorias_L | U49: Victorias_V | V49: Empates_L | W49: Empates_V | X49: Derrotas_L | Y49: Derrotas_V | Z49: GF_L | AA49: GF_V | AB49: GC_L | AC49: GC_V
A50: 49 | B50: I | C50: Francia | D50: Senegal | E50: 3 | F50: 1 | G50: =IF(E50>F50,"Local",IF(E50=F50,"Empate","Visitante")) | H50: =E50-F50 | J50: I | K50: 1 | L50: Francia | M50: =(Q50*3)+R50 | N50: =O50-P50 | O50: =Z50+AA50 | P50: =AB50+AC50 | Q50: =T50+U50 | R50: =V50+W50 | S50: =X50+Y50 | T50: =COUNTIFS(C:C,L50,G:G,"Local") | U50: =COUNTIFS(D:D,L50,G:G,"Visitante") | V50: =COUNTIFS(C:C,L50,G:G,"Empate") | W50: =COUNTIFS(D:D,L50,G:G,"Empate") | X50: =COUNTIFS(C:C,L50,G:G,"Visitante") | Y50: =COUNTIFS(D:D,L50,G:G,"Local") | Z50: =SUMIF(C:C,L50,E:E) | AA50: =SUMIF(D:D,L50,F:F) | AB50: =SUMIF(C:C,L50,F:F) | AC50: =SUMIF(D:D,L50,E:E)
A51: 50 | B51: I | C51: Irak | D51: Noruega | E51: 0 | F51: 3 | G51: =IF(E51>F51,"Local",IF(E51=F51,"Empate","Visitante")) | H51: =E51-F51 | K51: 2 | L51: Noruega | M51: =(Q51*3)+R51 | N51: =O51-P51 | O51: =Z51+AA51 | P51: =AB51+AC51 | Q51: =T51+U51 | R51: =V51+W51 | S51: =X51+Y51 | T51: =COUNTIFS(C:C,L51,G:G,"Local") | U51: =COUNTIFS(D:D,L51,G:G,"Visitante") | V51: =COUNTIFS(C:C,L51,G:G,"Empate") | W51: =COUNTIFS(D:D,L51,G:G,"Empate") | X51: =COUNTIFS(C:C,L51,G:G,"Visitante") | Y51: =COUNTIFS(D:D,L51,G:G,"Local") | Z51: =SUMIF(C:C,L51,E:E) | AA51: =SUMIF(D:D,L51,F:F) | AB51: =SUMIF(C:C,L51,F:F) | AC51: =SUMIF(D:D,L51,E:E)
A52: 51 | B52: I | C52: Francia | D52: Irak | E52: 4 | F52: 0 | G52: =IF(E52>F52,"Local",IF(E52=F52,"Empate","Visitante")) | H52: =E52-F52 | K52: 3 | L52: Senegal | M52: =(Q52*3)+R52 | N52: =O52-P52 | O52: =Z52+AA52 | P52: =AB52+AC52 | Q52: =T52+U52 | R52: =V52+W52 | S52: =X52+Y52 | T52: =COUNTIFS(C:C,L52,G:G,"Local") | U52: =COUNTIFS(D:D,L52,G:G,"Visitante") | V52: =COUNTIFS(C:C,L52,G:G,"Empate") | W52: =COUNTIFS(D:D,L52,G:G,"Empate") | X52: =COUNTIFS(C:C,L52,G:G,"Visitante") | Y52: =COUNTIFS(D:D,L52,G:G,"Local") | Z52: =SUMIF(C:C,L52,E:E) | AA52: =SUMIF(D:D,L52,F:F) | AB52: =SUMIF(C:C,L52,F:F) | AC52: =SUMIF(D:D,L52,E:E)
A53: 52 | B53: I | C53: Noruega | D53: Senegal | E53: 2 | F53: 1 | G53: =IF(E53>F53,"Local",IF(E53=F53,"Empate","Visitante")) | H53: =E53-F53 | K53: 4 | L53: Irak | M53: =(Q53*3)+R53 | N53: =O53-P53 | O53: =Z53+AA53 | P53: =AB53+AC53 | Q53: =T53+U53 | R53: =V53+W53 | S53: =X53+Y53 | T53: =COUNTIFS(C:C,L53,G:G,"Local") | U53: =COUNTIFS(D:D,L53,G:G,"Visitante") | V53: =COUNTIFS(C:C,L53,G:G,"Empate") | W53: =COUNTIFS(D:D,L53,G:G,"Empate") | X53: =COUNTIFS(C:C,L53,G:G,"Visitante") | Y53: =COUNTIFS(D:D,L53,G:G,"Local") | Z53: =SUMIF(C:C,L53,E:E) | AA53: =SUMIF(D:D,L53,F:F) | AB53: =SUMIF(C:C,L53,F:F) | AC53: =SUMIF(D:D,L53,E:E)
A54: 53 | B54: I | C54: Noruega | D54: Francia | E54: 2 | F54: 2 | G54: =IF(E54>F54,"Local",IF(E54=F54,"Empate","Visitante")) | H54: =E54-F54
A55: 54 | B55: I | C55: Senegal | D55: Irak | E55: 2 | F55: 1 | G55: =IF(E55>F55,"Local",IF(E55=F55,"Empate","Visitante")) | H55: =E55-F55 | J55: Grupo | K55: Posición | L55: Equipo | M55: Puntos | N55: Diferencia | O55: GF | P55: GC | Q55: Victorias | R55: Empates | S55: Derrotas | T55: Victorias_L | U55: Victorias_V | V55: Empates_L | W55: Empates_V | X55: Derrotas_L | Y55: Derrotas_V | Z55: GF_L | AA55: GF_V | AB55: GC_L | AC55: GC_V
A56: 55 | B56: J | C56: Argentina | D56: Argelia | E56: 2 | F56: 0 | G56: =IF(E56>F56,"Local",IF(E56=F56,"Empate","Visitante")) | H56: =E56-F56 | J56: J | K56: 1 | L56: Argentina | M56: =(Q56*3)+R56 | N56: =O56-P56 | O56: =Z56+AA56 | P56: =AB56+AC56 | Q56: =T56+U56 | R56: =V56+W56 | S56: =X56+Y56 | T56: =COUNTIFS(C:C,L56,G:G,"Local") | U56: =COUNTIFS(D:D,L56,G:G,"Visitante") | V56: =COUNTIFS(C:C,L56,G:G,"Empate") | W56: =COUNTIFS(D:D,L56,G:G,"Empate") | X56: =COUNTIFS(C:C,L56,G:G,"Visitante") | Y56: =COUNTIFS(D:D,L56,G:G,"Local") | Z56: =SUMIF(C:C,L56,E:E) | AA56: =SUMIF(D:D,L56,F:F) | AB56: =SUMIF(C:C,L56,F:F) | AC56: =SUMIF(D:D,L56,E:E)
A57: 56 | B57: J | C57: Austria | D57: Jordania | E57: 1 | F57: 0 | G57: =IF(E57>F57,"Local",IF(E57=F57,"Empate","Visitante")) | H57: =E57-F57 | K57: 2 | L57: Argelia | M57: =(Q57*3)+R57 | N57: =O57-P57 | O57: =Z57+AA57 | P57: =AB57+AC57 | Q57: =T57+U57 | R57: =V57+W57 | S57: =X57+Y57 | T57: =COUNTIFS(C:C,L57,G:G,"Local") | U57: =COUNTIFS(D:D,L57,G:G,"Visitante") | V57: =COUNTIFS(C:C,L57,G:G,"Empate") | W57: =COUNTIFS(D:D,L57,G:G,"Empate") | X57: =COUNTIFS(C:C,L57,G:G,"Visitante") | Y57: =COUNTIFS(D:D,L57,G:G,"Local") | Z57: =SUMIF(C:C,L57,E:E) | AA57: =SUMIF(D:D,L57,F:F) | AB57: =SUMIF(C:C,L57,F:F) | AC57: =SUMIF(D:D,L57,E:E)
A58: 57 | B58: J | C58: Argentina | D58: Austria | E58: 2 | F58: 1 | G58: =IF(E58>F58,"Local",IF(E58=F58,"Empate","Visitante")) | H58: =E58-F58 | K58: 3 | L58: Austria | M58: =(Q58*3)+R58 | N58: =O58-P58 | O58: =Z58+AA58 | P58: =AB58+AC58 | Q58: =T58+U58 | R58: =V58+W58 | S58: =X58+Y58 | T58: =COUNTIFS(C:C,L58,G:G,"Local") | U58: =COUNTIFS(D:D,L58,G:G,"Visitante") | V58: =COUNTIFS(C:C,L58,G:G,"Empate") | W58: =COUNTIFS(D:D,L58,G:G,"Empate") | X58: =COUNTIFS(C:C,L58,G:G,"Visitante") | Y58: =COUNTIFS(D:D,L58,G:G,"Local") | Z58: =SUMIF(C:C,L58,E:E) | AA58: =SUMIF(D:D,L58,F:F) | AB58: =SUMIF(C:C,L58,F:F) | AC58: =SUMIF(D:D,L58,E:E)
A59: 58 | B59: J | C59: Jordania | D59: Argelia | E59: 1 | F59: 3 | G59: =IF(E59>F59,"Local",IF(E59=F59,"Empate","Visitante")) | H59: =E59-F59 | K59: 4 | L59: Jordania | M59: =(Q59*3)+R59 | N59: =O59-P59 | O59: =Z59+AA59 | P59: =AB59+AC59 | Q59: =T59+U59 | R59: =V59+W59 | S59: =X59+Y59 | T59: =COUNTIFS(C:C,L59,G:G,"Local") | U59: =COUNTIFS(D:D,L59,G:G,"Visitante") | V59: =COUNTIFS(C:C,L59,G:G,"Empate") | W59: =COUNTIFS(D:D,L59,G:G,"Empate") | X59: =COUNTIFS(C:C,L59,G:G,"Visitante") | Y59: =COUNTIFS(D:D,L59,G:G,"Local") | Z59: =SUMIF(C:C,L59,E:E) | AA59: =SUMIF(D:D,L59,F:F) | AB59: =SUMIF(C:C,L59,F:F) | AC59: =SUMIF(D:D,L59,E:E)
A60: 59 | B60: J | C60: Argelia | D60: Austria | E60: 2 | F60: 2 | G60: =IF(E60>F60,"Local",IF(E60=F60,"Empate","Visitante")) | H60: =E60-F60
A61: 60 | B61: J | C61: Jordania | D61: Argentina | E61: 0 | F61: 2 | G61: =IF(E61>F61,"Local",IF(E61=F61,"Empate","Visitante")) | H61: =E61-F61 | J61: Grupo | K61: Posición | L61: Equipo | M61: Puntos | N61: Diferencia | O61: GF | P61: GC | Q61: Victorias | R61: Empates | S61: Derrotas | T61: Victorias_L | U61: Victorias_V | V61: Empates_L | W61: Empates_V | X61: Derrotas_L | Y61: Derrotas_V | Z61: GF_L | AA61: GF_V | AB61: GC_L | AC61: GC_V
A62: 61 | B62: K | C62: Portugal | D62: RD Congo | E62: 3 | F62: 0 | G62: =IF(E62>F62,"Local",IF(E62=F62,"Empate","Visitante")) | H62: =E62-F62 | J62: K | K62: 1 | L62: Portugal | M62: =(Q62*3)+R62 | N62: =O62-P62 | O62: =Z62+AA62 | P62: =AB62+AC62 | Q62: =T62+U62 | R62: =V62+W62 | S62: =X62+Y62 | T62: =COUNTIFS(C:C,L62,G:G,"Local") | U62: =COUNTIFS(D:D,L62,G:G,"Visitante") | V62: =COUNTIFS(C:C,L62,G:G,"Empate") | W62: =COUNTIFS(D:D,L62,G:G,"Empate") | X62: =COUNTIFS(C:C,L62,G:G,"Visitante") | Y62: =COUNTIFS(D:D,L62,G:G,"Local") | Z62: =SUMIF(C:C,L62,E:E) | AA62: =SUMIF(D:D,L62,F:F) | AB62: =SUMIF(C:C,L62,F:F) | AC62: =SUMIF(D:D,L62,E:E)
A63: 62 | B63: K | C63: Uzbekistán | D63: Colombia | E63: 1 | F63: 2 | G63: =IF(E63>F63,"Local",IF(E63=F63,"Empate","Visitante")) | H63: =E63-F63 | K63: 2 | L63: Colombia | M63: =(Q63*3)+R63 | N63: =O63-P63 | O63: =Z63+AA63 | P63: =AB63+AC63 | Q63: =T63+U63 | R63: =V63+W63 | S63: =X63+Y63 | T63: =COUNTIFS(C:C,L63,G:G,"Local") | U63: =COUNTIFS(D:D,L63,G:G,"Visitante") | V63: =COUNTIFS(C:C,L63,G:G,"Empate") | W63: =COUNTIFS(D:D,L63,G:G,"Empate") | X63: =COUNTIFS(C:C,L63,G:G,"Visitante") | Y63: =COUNTIFS(D:D,L63,G:G,"Local") | Z63: =SUMIF(C:C,L63,E:E) | AA63: =SUMIF(D:D,L63,F:F) | AB63: =SUMIF(C:C,L63,F:F) | AC63: =SUMIF(D:D,L63,E:E)
A64: 63 | B64: K | C64: Portugal | D64: Uzbekistán | E64: 2 | F64: 0 | G64: =IF(E64>F64,"Local",IF(E64=F64,"Empate","Visitante")) | H64: =E64-F64 | K64: 3 | L64: RD Congo | M64: =(Q64*3)+R64 | N64: =O64-P64 | O64: =Z64+AA64 | P64: =AB64+AC64 | Q64: =T64+U64 | R64: =V64+W64 | S64: =X64+Y64 | T64: =COUNTIFS(C:C,L64,G:G,"Local") | U64: =COUNTIFS(D:D,L64,G:G,"Visitante") | V64: =COUNTIFS(C:C,L64,G:G,"Empate") | W64: =COUNTIFS(D:D,L64,G:G,"Empate") | X64: =COUNTIFS(C:C,L64,G:G,"Visitante") | Y64: =COUNTIFS(D:D,L64,G:G,"Local") | Z64: =SUMIF(C:C,L64,E:E) | AA64: =SUMIF(D:D,L64,F:F) | AB64: =SUMIF(C:C,L64,F:F) | AC64: =SUMIF(D:D,L64,E:E)
A65: 64 | B65: K | C65: Colombia | D65: RD Congo | E65: 1 | F65: 0 | G65: =IF(E65>F65,"Local",IF(E65=F65,"Empate","Visitante")) | H65: =E65-F65 | K65: 4 | L65: Uzbekistán | M65: =(Q65*3)+R65 | N65: =O65-P65 | O65: =Z65+AA65 | P65: =AB65+AC65 | Q65: =T65+U65 | R65: =V65+W65 | S65: =X65+Y65 | T65: =COUNTIFS(C:C,L65,G:G,"Local") | U65: =COUNTIFS(D:D,L65,G:G,"Visitante") | V65: =COUNTIFS(C:C,L65,G:G,"Empate") | W65: =COUNTIFS(D:D,L65,G:G,"Empate") | X65: =COUNTIFS(C:C,L65,G:G,"Visitante") | Y65: =COUNTIFS(D:D,L65,G:G,"Local") | Z65: =SUMIF(C:C,L65,E:E) | AA65: =SUMIF(D:D,L65,F:F) | AB65: =SUMIF(C:C,L65,F:F) | AC65: =SUMIF(D:D,L65,E:E)
A66: 65 | B66: K | C66: Colombia | D66: Portugal | E66: 0 | F66: 2 | G66: =IF(E66>F66,"Local",IF(E66=F66,"Empate","Visitante")) | H66: =E66-F66
A67: 66 | B67: K | C67: RD Congo | D67: Uzbekistán | E67: 1 | F67: 0 | G67: =IF(E67>F67,"Local",IF(E67=F67,"Empate","Visitante")) | H67: =E67-F67 | J67: Grupo | K67: Posición | L67: Equipo | M67: Puntos | N67: Diferencia | O67: GF | P67: GC | Q67: Victorias | R67: Empates | S67: Derrotas | T67: Victorias_L | U67: Victorias_V | V67: Empates_L | W67: Empates_V | X67: Derrotas_L | Y67: Derrotas_V | Z67: GF_L | AA67: GF_V | AB67: GC_L | AC67: GC_V
A68: 67 | B68: L | C68: Inglaterra | D68: Croacia | E68: 2 | F68: 2 | G68: =IF(E68>F68,"Local",IF(E68=F68,"Empate","Visitante")) | H68: =E68-F68 | J68: L | K68: 1 | L68: Inglaterra | M68: =(Q68*3)+R68 | N68: =O68-P68 | O68: =Z68+AA68 | P68: =AB68+AC68 | Q68: =T68+U68 | R68: =V68+W68 | S68: =X68+Y68 | T68: =COUNTIFS(C:C,L68,G:G,"Local") | U68: =COUNTIFS(D:D,L68,G:G,"Visitante") | V68: =COUNTIFS(C:C,L68,G:G,"Empate") | W68: =COUNTIFS(D:D,L68,G:G,"Empate") | X68: =COUNTIFS(C:C,L68,G:G,"Visitante") | Y68: =COUNTIFS(D:D,L68,G:G,"Local") | Z68: =SUMIF(C:C,L68,E:E) | AA68: =SUMIF(D:D,L68,F:F) | AB68: =SUMIF(C:C,L68,F:F) | AC68: =SUMIF(D:D,L68,E:E)
A69: 68 | B69: L | C69: Ghana | D69: Panamá | E69: 2 | F69: 0 | G69: =IF(E69>F69,"Local",IF(E69=F69,"Empate","Visitante")) | H69: =E69-F69 | K69: 2 | L69: Croacia | M69: =(Q69*3)+R69 | N69: =O69-P69 | O69: =Z69+AA69 | P69: =AB69+AC69 | Q69: =T69+U69 | R69: =V69+W69 | S69: =X69+Y69 | T69: =COUNTIFS(C:C,L69,G:G,"Local") | U69: =COUNTIFS(D:D,L69,G:G,"Visitante") | V69: =COUNTIFS(C:C,L69,G:G,"Empate") | W69: =COUNTIFS(D:D,L69,G:G,"Empate") | X69: =COUNTIFS(C:C,L69,G:G,"Visitante") | Y69: =COUNTIFS(D:D,L69,G:G,"Local") | Z69: =SUMIF(C:C,L69,E:E) | AA69: =SUMIF(D:D,L69,F:F) | AB69: =SUMIF(C:C,L69,F:F) | AC69: =SUMIF(D:D,L69,E:E)
A70: 69 | B70: L | C70: Inglaterra | D70: Ghana | E70: 3 | F70: 1 | G70: =IF(E70>F70,"Local",IF(E70=F70,"Empate","Visitante")) | H70: =E70-F70 | K70: 3 | L70: Ghana | M70: =(Q70*3)+R70 | N70: =O70-P70 | O70: =Z70+AA70 | P70: =AB70+AC70 | Q70: =T70+U70 | R70: =V70+W70 | S70: =X70+Y70 | T70: =COUNTIFS(C:C,L70,G:G,"Local") | U70: =COUNTIFS(D:D,L70,G:G,"Visitante") | V70: =COUNTIFS(C:C,L70,G:G,"Empate") | W70: =COUNTIFS(D:D,L70,G:G,"Empate") | X70: =COUNTIFS(C:C,L70,G:G,"Visitante") | Y70: =COUNTIFS(D:D,L70,G:G,"Local") | Z70: =SUMIF(C:C,L70,E:E) | AA70: =SUMIF(D:D,L70,F:F) | AB70: =SUMIF(C:C,L70,F:F) | AC70: =SUMIF(D:D,L70,E:E)
A71: 70 | B71: L | C71: Panamá | D71: Croacia | E71: 0 | F71: 2 | G71: =IF(E71>F71,"Local",IF(E71=F71,"Empate","Visitante")) | H71: =E71-F71 | K71: 4 | L71: Panamá | M71: =(Q71*3)+R71 | N71: =O71-P71 | O71: =Z71+AA71 | P71: =AB71+AC71 | Q71: =T71+U71 | R71: =V71+W71 | S71: =X71+Y71 | T71: =COUNTIFS(C:C,L71,G:G,"Local") | U71: =COUNTIFS(D:D,L71,G:G,"Visitante") | V71: =COUNTIFS(C:C,L71,G:G,"Empate") | W71: =COUNTIFS(D:D,L71,G:G,"Empate") | X71: =COUNTIFS(C:C,L71,G:G,"Visitante") | Y71: =COUNTIFS(D:D,L71,G:G,"Local") | Z71: =SUMIF(C:C,L71,E:E) | AA71: =SUMIF(D:D,L71,F:F) | AB71: =SUMIF(C:C,L71,F:F) | AC71: =SUMIF(D:D,L71,E:E)
A72: 71 | B72: L | C72: Panamá | D72: Inglaterra | E72: 0 | F72: 3 | G72: =IF(E72>F72,"Local",IF(E72=F72,"Empate","Visitante")) | H72: =E72-F72
A73: 72 | B73: L | C73: Croacia | D73: Ghana | E73: 2 | F73: 1 | G73: =IF(E73>F73,"Local",IF(E73=F73,"Empate","Visitante")) | H73: =E73-F73 | I73: Clasificación Terceros | J73: Grupo | K73: Posición | L73: Equipo | M73: Puntos | N73: Diferencia | O73: GF | P73: GC | Q73: Victorias | R73: Empates | S73: Derrotas
J74: A | K74: 1 | L74: República Checa | M74: 5 | N74: 2 | O74: 5 | P74: 3 | Q74: =T74+U74 | R74: =V74+W74 | S74: =X74+Y74
J75: F | K75: 2 | L75: Suecia | M75: 4 | N75: 1 | O75: 4 | P75: 3 | Q75: =T75+U75 | R75: =V75+W75 | S75: =X75+Y75
J76: J | K76: 3 | L76: Austria | M76: 4 | N76: 0 | O76: 4 | P76: 4 | Q76: =T76+U76 | R76: =V76+W76 | S76: =X76+Y76
J77: D | K77: 4 | L77: Estados Unidos | M77: 4 | N77: 0 | O77: 3 | P77: 3 | Q77: =T77+U77 | R77: =V77+W77 | S77: =X77+Y77
J78: B | K78: 5 | L78: Canadá | M78: 3 | N78: -1 | O78: 4 | P78: 5 | Q78: =T78+U78 | R78: =V78+W78 | S78: =X78+Y78
J79: L | K79: 6 | L79: Ghana | M79: 3 | N79: -1 | O79: 4 | P79: 5 | Q79: 1 | R79: 0 | S79: 2
J80: C | K80: 7 | L80: Escocia | M80: 3 | N80: -1 | O80: 3 | P80: 4 | Q80: =T80+U80 | R80: =V80+W80 | S80: =X80+Y80
J81: I | K81: 8 | L81: Senegal | M81: 3 | N81: -2 | O81: 4 | P81: 6 | Q81: =T81+U81 | R81: =V81+W81 | S81: =X81+Y81
J82: E | K82: 9 | L82: Costa de Marfil | M82: 3 | N82: -2 | O82: 3 | P82: 5 | Q82: =T82+U82 | R82: =V82+W82 | S82: =X82+Y82
J83: H | K83: 10 | L83: Arabia Saudí | M83: 3 | N83: -2 | O83: 3 | P83: 5 | Q83: =T83+U83 | R83: =V83+W83 | S83: =X83+Y83
J84: K | K84: 11 | L84: RD Congo | M84: 3 | N84: -3 | O84: 1 | P84: 4 | Q84: =T84+U84 | R84: =V84+W84 | S84: =X84+Y84
J85: G | K85: 12 | L85: Egipto | M85: 1 | N85: -2 | O85: 3 | P85: 5 | Q85: =T85+U85 | R85: =V85+W85 | S85: =X85+Y85

Sheet Bracket_Camilo
A1: Dieciseisavos | D1: Octavos | G1: Cuartos | J1: Semifinal | M1: Tercero puesto | P1: Final | S1: Tercero | T1: Campeón
A2: 74 | B2: 1E | C2: Alemania | D2: 89 | E2: W74 | F2: Alemania | G2: 97 | H2: W89 | I2: Francia | J2: 101 | K2: W97 | L2: Francia | M2: 103 | N2: L101 | O2: España | P2: 104 | Q2: W101 | R2: Francia | S2: España | T2: Francia
B3: 3ABCDF | C3: Estados Unidos | E3: W77 | F3: Francia | H3: W90 | I3: Países Bajos | K3: W98 | L3: España | N3: L102 | O3: Inglaterra | Q3: W102 | R3: Portugal
A4: 77 | B4: 1I | C4: Francia | D4: 90 | E4: W73 | F4: Corea del Sur | G4: 98 | H4: W93 | I4: España | J4: 102 | K4: W99 | L4: Inglaterra
B5: 3CDFGH | C5: Suecia | E5: W75 | F5: Países Bajos | H5: W94 | I5: Turquía | K5: W100 | L5: Portugal
A6: 73 | B6: 2A | C6: Corea del Sur | D6: 93 | E6: W83 | F6: Croacia | G6: 99 | H6: W91 | I6: Noruega
B7: 2B | C7: Bosnia y Herzegovina | E7: W84 | F7: España | H7: W92 | I7: Inglaterra
A8: 75 | B8: 1F | C8: Países Bajos | D8: 94 | E8: W81 | F8: Turquía | G8: 100 | H8: W95 | I8: Argentina
B9: 2C | C9: Marruecos | E9: W82 | F9: Bélgica | H9: W96 | I9: Portugal
A10: 83 | B10: 2K | C10: Colombia | D10: 91 | E10: W76 | F10: Japón
B11: 2L | C11: Croacia | E11: W78 | F11: Noruega
A12: 84 | B12: 1H | C12: España | D12: 92 | E12: W79 | F12: México
B13: 2J | C13: Argelia | E13: W80 | F13: Inglaterra
A14: 81 | B14: 1D | C14: Turquía | D14: 95 | E14: W86 | F14: Argentina
B15: 3BEFIJ | C15: Canadá | E15: W88 | F15: Paraguay
A16: 82 | B16: 1G | C16: Bélgica | D16: 96 | E16: W85 | F16: Suiza
B17: 3AEHIJ | C17: República Checa | E17: W87 | F17: Portugal
A18: 76 | B18: 1C | C18: Brasil
B19: 2F | C19: Japón
A20: 78 | B20: 2E | C20: Ecuador
B21: 2I | C21: Noruega
A22: 79 | B22: 1A | C22: México
B23: 3CEFHI | C23: Escocia
A24: 80 | B24: 1L | C24: Inglaterra
B25: 3EHIJK | C25: Senegal
A26: 86 | B26: 1J | C26: Argentina
B27: 2H | C27: Uruguay
A28: 88 | B28: 2D | C28: Paraguay
B29: 2G | C29: Irán
A30: 85 | B30: 1B | C30: Suiza
B31: 3EFGIJ | C31: Austria
A32: 87 | B32: 1K | C32: Portugal
B33: 3DEIJL | C33: Ghana

Sheet Playoffs_Camilo
A1: Dieciseisavos | B1: Octavos | C1: Cuartos | D1: Semifinal | E1: Tercero | F1: Final | G1: Campeón
A2: Alemania | B2: Alemania | C2: Francia | D2: Francia | E2: España | F2: Francia | G2: Francia
A3: Estados Unidos | B3: Francia | C3: Países Bajos | D3: España | F3: Portugal
A4: Francia | B4: Corea del Sur | C4: España | D4: Inglaterra
A5: Suecia | B5: Países Bajos | C5: Turquía | D5: Portugal
A6: Corea del Sur | B6: Croacia | C6: Noruega
A7: Bosnia y Herzegovina | B7: España | C7: Inglaterra
A8: Países Bajos | B8: Turquía | C8: Argentina
A9: Marruecos | B9: Bélgica | C9: Portugal
A10: Colombia | B10: Japón
A11: Croacia | B11: Noruega
A12: España | B12: México
A13: Argelia | B13: Inglaterra
A14: Turquía | B14: Argentina
A15: Canadá | B15: Paraguay
A16: Bélgica | B16: Suiza
A17: República Checa | B17: Portugal
A18: Brasil
A19: Japón
A20: Ecuador
A21: Noruega
A22: México
A23: Escocia
A24: Inglaterra
A25: Senegal
A26: Argentina
A27: Uruguay
A28: Paraguay
A29: Irán
... A33: Ghana

Sheet Playoffs_Predicciones_Camilo
A1: PARTIDOS DE DIECISEISAVOS
A2: Partido | B2: Local | C2: Visitante | D2: G_Local | E2: G_Visitante | F2: Resultado | G2: Diferencia
A3: 1 | B3: Alemania | C3: Paraguay | D3: 2 | E3: 0 | F3: =IF(D3>E3,"Local",IF(D3=E3,"Empate","Visitante")) | G3: =D3-E3
A4: 2 | B4: Francia | C4: Suecia | D4: 2 | E4: 0 | F4: =IF(D4>E4,"Local",IF(D4=E4,"Empate","Visitante")) | G4: =D4-E4
A5: 3 | B5: Sudáfrica | C5: Canadá | D5: 0 | E5: 2 | F5: =IF(D5>E5,"Local",IF(D5=E5,"Empate","Visitante")) | G5: =D5-E5
A6: 4 | B6: Países Bajos | C6: Marruecos | D6: 3 | E6: 2 | F6: =IF(D6>E6,"Local",IF(D6=E6,"Empate","Visitante")) | G6: =D6-E6
A7: 5 | B7: Portugal | C7: Croacia | D7: 2 | E7: 1 | F7: =IF(D7>E7,"Local",IF(D7=E7,"Empate","Visitante")) | G7: =D7-E7
A8: 6 | B8: España | C8: Austria | D8: 2 | E8: 0 | F8: =IF(D8>E8,"Local",IF(D8=E8,"Empate","Visitante")) | G8: =D8-E8
A9: 7 | B9: Estados Unidos | C9: Bosnia y Herzegovina | D9: 3 | E9: 1 | F9: =IF(D9>E9,"Local",IF(D9=E9,"Empate","Visitante")) | G9: =D9-E9
A10: 8 | B10: Bélgica | C10: Senegal | D10: 2 | E10: 0 | F10: =IF(D10>E10,"Local",IF(D10=E10,"Empate","Visitante")) | G10: =D10-E10
A11: 9 | B11: Brasil | C11: Japón | D11: 1 | E11: 2 | F11: =IF(D11>E11,"Local",IF(D11=E11,"Empate","Visitante")) | G11: =D11-E11
A12: 10 | B12: Costa de Marfil | C12: Noruega | D12: 1 | E12: 2 | F12: =IF(D12>E12,"Local",IF(D12=E12,"Empate","Visitante")) | G12: =D12-E12
A13: 11 | B13: México | C13: Ecuador | D13: 0 | E13: 0 | F13: =IF(D13>E13,"Local",IF(D13=E13,"Empate","Visitante")) | G13: =D13-E13
A14: 12 | B14: Inglaterra | C14: RD Congo | D14: 3 | E14: 1 | F14: =IF(D14>E14,"Local",IF(D14=E14,"Empate","Visitante")) | G14: =D14-E14
... A18: 16 | B18: Colombia | C18: Ghana | D18: 2 | E18: 1 | F18: =IF(D18>E18,"Local",IF(D18=E18,"Empate","Visitante")) | G18: =D18-E18
A20: PARTIDOS DE OCTAVOS DE FINAL
A21: Partido | B21: Local | C21: Visitante | D21: G_Local | E21: G_Visitante | F21: Resultado | G21: Diferencia
A22: 1 | B22: Paraguay | C22: Francia | D22: 0 | E22: 3 | F22: =IF(D22>E22,"Local",IF(D22=E22,"Empate","Visitante")) | G22: =D22-E22
A23: 2 | B23: Canadá | C23: Marruecos | D23: 0 | E23: 2 | F23: =IF(D23>E23,"Local",IF(D23=E23,"Empate","Visitante")) | G23: =D23-E23
A24: 3 | B24: Portugal | C24: España | D24: 0 | E24: 2 | F24: =IF(D24>E24,"Local",IF(D24=E24,"Empate","Visitante")) | G24: =D24-E24
A25: 4 | B25: Estados Unidos | C25: Bélgica | D25: 2 | E25: 2 | F25: =IF(D25>E25,"Local",IF(D25=E25,"Empate","Visitante")) | G25: =D25-E25
A26: 5 | B26: Brasil | C26: Noruega | D26: 2 | E26: 1 | F26: =IF(D26>E26,"Local",IF(D26=E26,"Empate","Visitante")) | G26: =D26-E26
A27: 6 | B27: México | C27: Inglaterra | D27: 1 | E27: 0 | F27: =IF(D27>E27,"Local",IF(D27=E27,"Empate","Visitante")) | G27: =D27-E27
A28: 7 | B28: Argentina | C28: Egipto | D28: 2 | E28: 1 | F28: =IF(D28>E28,"Local",IF(D28=E28,"Empate","Visitante")) | G28: =D28-E28
A29: 8 | B29: Suiza | C29: Colombia | D29: 1 | E29: 1 | F29: =IF(D29>E29,"Local",IF(D29=E29,"Empate","Visitante")) | G29: =D29-E29
A31: PARTIDOS DE CUARTOS DE FINAL
A32: Partido | B32: Local | C32: Visitante | D32: G_Local | E32: G_Visitante | F32: Resultado | G32: Diferencia
A33: 1 | B33: Francia | C33: Marruecos | D33: 2 | E33: 0 | F33: =IF(D33>E33,"Local",IF(D33=E33,"Empate","Visitante")) | G33: =D33-E33
A34: 2 | B34: España | C34: Bélgica | D34: 1 | E34: 0 | F34: =IF(D34>E34,"Local",IF(D34=E34,"Empate","Visitante")) | G34: =D34-E34
A35: 3 | B35: Noruega | C35: Inglaterra | D35: 1 | E35: 2 | F35: =IF(D35>E35,"Local",IF(D35=E35,"Empate","Visitante")) | G35: =D35-E35
A36: 4 | B36: Argentina | C36: Suiza | D36: 3 | E36: 2 | F36: =IF(D36>E36,"Local",IF(D36=E36,"Empate","Visitante")) | G36: =D36-E36
A38: PARTIDOS DE SEMIFINAL
A39: Partido | B39: Local | C39: Visitante | D39: G_Local | E39: G_Visitante | F39: Resultado | G39: Diferencia
A40: 1 | B40: Francia | C40: España | D40: 2 | E40: 1 | F40: =IF(D40>E40,"Local",IF(D40=E40,"Empate","Visitante")) | G40: =D40-E40
A41: 2 | B41: Inglaterra | C41: Argentina | D41: 2 | E41: 2 | F41: =IF(D41>E41,"Local",IF(D41=E41,"Empate","Visitante")) | G41: =D41-E41
A43: PARTIDOS DE TERCEROS
A44: Partido | B44: Local | C44: Visitante | D44: G_Local | E44: G_Visitante | F44: Resultado | G44: Diferencia
A45: 1 | B45: Francia | C45: Inglaterra | D45: 4 | E45: 2 | F45: =IF(D45>E45,"Local",IF(D45=E45,"Empate","Visitante")) | G45: =D45-E45
A47: PARTIDOS DE FINAL
A48: Partido | B48: Local | C48: Visitante | D48: G_Local | E48: G_Visitante | F48: Resultado | G48: Diferencia
A49: 1 | B49: España | C49: Argentina | D49: 2 | E49: 1 | F49: =IF(D49>E49,"Local",IF(D49=E49,"Empate","Visitante")) | G49: =D49-E49

Sheet Realidad
A1: Partido | B1: Grupo | C1: Local | D1: Visitante | E1: G_Local | F1: G_Visitante | G1: Resultado | H1: Diferencia | J1: Grupo | K1: Posición | L1: Equipo | M1: Puntos | N1: Diferencia | O1: GF | P1: GC | Q1: Victorias | R1: Empates | S1: Derrotas | T1: Victorias_L | U1: Victorias_V | V1: Empates_L | W1: Empates_V | X1: Derrotas_L | Y1: Derrotas_V | Z1: GF_L | AA1: GF_V | AB1: GC_L | AC1: GC_V
A2: 1 | B2: A | C2: México | D2: Sudáfrica | E2: 2 | F2: 0 | G2: {=_xlfn.IFS(E2>F2,"Local",E2=F2,"Empate",E2<F2,"Visitante")} | H2: =E2-F2 | J2: A | L2: México | M2: =(Q2*3)+R2 | N2: =O2-P2 | O2: =Z2+AA2 | P2: =AB2+AC2 | Q2: =T2+U2 | R2: =V2+W2 | S2: =X2+Y2 | T2: =COUNTIFS(C:C,L2,G:G,"Local") | U2: =COUNTIFS(D:D,L2,G:G,"Visitante") | V2: =COUNTIFS(C:C,L2,G:G,"Empate") | W2: =COUNTIFS(D:D,L2,G:G,"Empate") | X2: =COUNTIFS(C:C,L2,G:G,"Visitante") | Y2: =COUNTIFS(D:D,L2,G:G,"Local") | Z2: =SUMIF(C:C,L2,E:E) | AA2: =SUMIF(D:D,L2,F:F) | AB2: =SUMIF(C:C,L2,F:F) | AC2: =SUMIF(D:D,L2,E:E)
A3: 2 | B3: A | C3: Corea del Sur | D3: República Checa | E3: 2 | F3: 1 | G3: {=_xlfn.IFS(E3>F3,"Local",E3=F3,"Empate",E3<F3,"Visitante")} | H3: =E3-F3 | L3: Sudáfrica | M3: =(Q3*3)+R3 | N3: =O3-P3 | O3: =Z3+AA3 | P3: =AB3+AC3 | Q3: =T3+U3 | R3: =V3+W3 | S3: =X3+Y3 | T3: =COUNTIFS(C:C,L3,G:G,"Local") | U3: =COUNTIFS(D:D,L3,G:G,"Visitante") | V3: =COUNTIFS(C:C,L3,G:G,"Empate") | W3: =COUNTIFS(D:D,L3,G:G,"Empate") | X3: =COUNTIFS(C:C,L3,G:G,"Visitante") | Y3: =COUNTIFS(D:D,L3,G:G,"Local") | Z3: =SUMIF(C:C,L3,E:E) | AA3: =SUMIF(D:D,L3,F:F) | AB3: =SUMIF(C:C,L3,F:F) | AC3: =SUMIF(D:D,L3,E:E)
A4: 3 | B4: A | C4: República Checa | D4: Sudáfrica | E4: 1 | F4: 1 | G4: {=_xlfn.IFS(E4>F4,"Local",E4=F4,"Empate",E4<F4,"Visitante")} | H4: =E4-F4 | L4: Corea del Sur | M4: =(Q4*3)+R4 | N4: =O4-P4 | O4: =Z4+AA4 | P4: =AB4+AC4 | Q4: =T4+U4 | R4: =V4+W4 | S4: =X4+Y4 | T4: =COUNTIFS(C:C,L4,G:G,"Local") | U4: =COUNTIFS(D:D,L4,G:G,"Visitante") | V4: =COUNTIFS(C:C,L4,G:G,"Empate") | W4: =COUNTIFS(D:D,L4,G:G,"Empate") | X4: =COUNTIFS(C:C,L4,G:G,"Visitante") | Y4: =COUNTIFS(D:D,L4,G:G,"Local") | Z4: =SUMIF(C:C,L4,E:E) | AA4: =SUMIF(D:D,L4,F:F) | AB4: =SUMIF(C:C,L4,F:F) | AC4: =SUMIF(D:D,L4,E:E)
A5: 4 | B5: A | C5: México | D5: Corea del Sur | E5: 1 | F5: 0 | G5: {=_xlfn.IFS(E5>F5,"Local",E5=F5,"Empate",E5<F5,"Visitante")} | H5: =E5-F5 | L5: República Checa | M5: =(Q5*3)+R5 | N5: =O5-P5 | O5: =Z5+AA5 | P5: =AB5+AC5 | Q5: =T5+U5 | R5: =V5+W5 | S5: =X5+Y5 | T5: =COUNTIFS(C:C,L5,G:G,"Local") | U5: =COUNTIFS(D:D,L5,G:G,"Visitante") | V5: =COUNTIFS(C:C,L5,G:G,"Empate") | W5: =COUNTIFS(D:D,L5,G:G,"Empate") | X5: =COUNTIFS(C:C,L5,G:G,"Visitante") | Y5: =COUNTIFS(D:D,L5,G:G,"Local") | Z5: =SUMIF(C:C,L5,E:E) | AA5: =SUMIF(D:D,L5,F:F) | AB5: =SUMIF(C:C,L5,F:F) | AC5: =SUMIF(D:D,L5,E:E)
A6: 5 | B6: A | C6: República Checa | D6: México | E6: 0 | F6: 3 | G6: {=_xlfn.IFS(E6>F6,"Local",E6=F6,"Empate",E6<F6,"Visitante")} | H6: =E6-F6
A7: 6 | B7: A | C7: Sudáfrica | D7: Corea del Sur | E7: 1 | F7: 0 | G7: {=_xlfn.IFS(E7>F7,"Local",E7=F7,"Empate",E7<F7,"Visitante")} | H7: =E7-F7 | J7: Grupo | K7: Posición | L7: Equipo | M7: Puntos | N7: Diferencia | O7: GF | P7: GC | Q7: Victorias | R7: Empates | S7: Derrotas | T7: Victorias_L | U7: Victorias_V | V7: Empates_L | W7: Empates_V | X7: Derrotas_L | Y7: Derrotas_V | Z7: GF_L | AA7: GF_V | AB7: GC_L | AC7: GC_V
A8: 7 | B8: B | C8: Canadá | D8: Bosnia y Herzegovina | E8: 1 | F8: 1 | G8: {=_xlfn.IFS(E8>F8,"Local",E8=F8,"Empate",E8<F8,"Visitante")} | H8: =E8-F8 | J8: B | L8: Canadá | M8: =(Q8*3)+R8 | N8: =O8-P8 | O8: =Z8+AA8 | P8: =AB8+AC8 | Q8: =T8+U8 | R8: =V8+W8 | S8: =X8+Y8 | T8: =COUNTIFS(C:C,L8,G:G,"Local") | U8: =COUNTIFS(D:D,L8,G:G,"Visitante") | V8: =COUNTIFS(C:C,L8,G:G,"Empate") | W8: =COUNTIFS(D:D,L8,G:G,"Empate") | X8: =COUNTIFS(C:C,L8,G:G,"Visitante") | Y8: =COUNTIFS(D:D,L8,G:G,"Local") | Z8: =SUMIF(C:C,L8,E:E) | AA8: =SUMIF(D:D,L8,F:F) | AB8: =SUMIF(C:C,L8,F:F) | AC8: =SUMIF(D:D,L8,E:E)
A9: 8 | B9: B | C9: Catar | D9: Suiza | E9: 1 | F9: 1 | G9: {=_xlfn.IFS(E9>F9,"Local",E9=F9,"Empate",E9<F9,"Visitante")} | H9: =E9-F9 | L9: Bosnia y Herzegovina | M9: =(Q9*3)+R9 | N9: =O9-P9 | O9: =Z9+AA9 | P9: =AB9+AC9 | Q9: =T9+U9 | R9: =V9+W9 | S9: =X9+Y9 | T9: =COUNTIFS(C:C,L9,G:G,"Local") | U9: =COUNTIFS(D:D,L9,G:G,"Visitante") | V9: =COUNTIFS(C:C,L9,G:G,"Empate") | W9: =COUNTIFS(D:D,L9,G:G,"Empate") | X9: =COUNTIFS(C:C,L9,G:G,"Visitante") | Y9: =COUNTIFS(D:D,L9,G:G,"Local") | Z9: =SUMIF(C:C,L9,E:E) | AA9: =SUMIF(D:D,L9,F:F) | AB9: =SUMIF(C:C,L9,F:F) | AC9: =SUMIF(D:D,L9,E:E)
A10: 9 | B10: B | C10: Suiza | D10: Bosnia y Herzegovina | E10: 4 | F10: 1 | G10: {=_xlfn.IFS(E10>F10,"Local",E10=F10,"Empate",E10<F10,"Visitante")} | H10: =E10-F10 | L10: Catar | M10: =(Q10*3)+R10 | N10: =O10-P10 | O10: =Z10+AA10 | P10: =AB10+AC10 | Q10: =T10+U10 | R10: =V10+W10 | S10: =X10+Y10 | T10: =COUNTIFS(C:C,L10,G:G,"Local") | U10: =COUNTIFS(D:D,L10,G:G,"Visitante") | V10: =COUNTIFS(C:C,L10,G:G,"Empate") | W10: =COUNTIFS(D:D,L10,G:G,"Empate") | X10: =COUNTIFS(C:C,L10,G:G,"Visitante") | Y10: =COUNTIFS(D:D,L10,G:G,"Local") | Z10: =SUMIF(C:C,L10,E:E) | AA10: =SUMIF(D:D,L10,F:F) | AB10: =SUMIF(C:C,L10,F:F) | AC10: =SUMIF(D:D,L10,E:E)
A11: 10 | B11: B | C11: Canadá | D11: Catar | E11: 6 | F11: 0 | G11: {=_xlfn.IFS(E11>F11,"Local",E11=F11,"Empate",E11<F11,"Visitante")} | H11: =E11-F11 | L11: Suiza | M11: =(Q11*3)+R11 | N11: =O11-P11 | O11: =Z11+AA11 | P11: =AB11+AC11 | Q11: =T11+U11 | R11: =V11+W11 | S11: =X11+Y11 | T11: =COUNTIFS(C:C,L11,G:G,"Local") | U11: =COUNTIFS(D:D,L11,G:G,"Visitante") | V11: =COUNTIFS(C:C,L11,G:G,"Empate") | W11: =COUNTIFS(D:D,L11,G:G,"Empate") | X11: =COUNTIFS(C:C,L11,G:G,"Visitante") | Y11: =COUNTIFS(D:D,L11,G:G,"Local") | Z11: =SUMIF(C:C,L11,E:E) | AA11: =SUMIF(D:D,L11,F:F) | AB11: =SUMIF(C:C,L11,F:F) | AC11: =SUMIF(D:D,L11,E:E)
A12: 11 | B12: B | C12: Suiza | D12: Canadá | E12: 2 | F12: 1 | G12: {=_xlfn.IFS(E12>F12,"Local",E12=F12,"Empate",E12<F12,"Visitante")} | H12: =E12-F12
A13: 12 | B13: B | C13: Bosnia y Herzegovina | D13: Catar | E13: 3 | F13: 1 | G13: {=_xlfn.IFS(E13>F13,"Local",E13=F13,"Empate",E13<F13,"Visitante")} | H13: =E13-F13 | J13: Grupo | K13: Posición | L13: Equipo | M13: Puntos | N13: Diferencia | O13: GF | P13: GC | Q13: Victorias | R13: Empates | S13: Derrotas | T13: Victorias_L | U13: Victorias_V | V13: Empates_L | W13: Empates_V | X13: Derrotas_L | Y13: Derrotas_V | Z13: GF_L | AA13: GF_V | AB13: GC_L | AC13: GC_V
A14: 13 | B14: C | C14: Brasil | D14: Marruecos | E14: 1 | F14: 1 | G14: {=_xlfn.IFS(E14>F14,"Local",E14=F14,"Empate",E14<F14,"Visitante")} | H14: =E14-F14 | J14: C | L14: Brasil | M14: =(Q14*3)+R14 | N14: =O14-P14 | O14: =Z14+AA14 | P14: =AB14+AC14 | Q14: =T14+U14 | R14: =V14+W14 | S14: =X14+Y14 | T14: =COUNTIFS(C:C,L14,G:G,"Local") | U14: =COUNTIFS(D:D,L14,G:G,"Visitante") | V14: =COUNTIFS(C:C,L14,G:G,"Empate") | W14: =COUNTIFS(D:D,L14,G:G,"Empate") | X14: =COUNTIFS(C:C,L14,G:G,"Visitante") | Y14: =COUNTIFS(D:D,L14,G:G,"Local") | Z14: =SUMIF(C:C,L14,E:E) | AA14: =SUMIF(D:D,L14,F:F) | AB14: =SUMIF(C:C,L14,F:F) | AC14: =SUMIF(D:D,L14,E:E)
A15: 14 | B15: C | C15: Haití | D15: Escocia | E15: 0 | F15: 1 | G15: {=_xlfn.IFS(E15>F15,"Local",E15=F15,"Empate",E15<F15,"Visitante")} | H15: =E15-F15 | L15: Marruecos | M15: =(Q15*3)+R15 | N15: =O15-P15 | O15: =Z15+AA15 | P15: =AB15+AC15 | Q15: =T15+U15 | R15: =V15+W15 | S15: =X15+Y15 | T15: =COUNTIFS(C:C,L15,G:G,"Local") | U15: =COUNTIFS(D:D,L15,G:G,"Visitante") | V15: =COUNTIFS(C:C,L15,G:G,"Empate") | W15: =COUNTIFS(D:D,L15,G:G,"Empate") | X15: =COUNTIFS(C:C,L15,G:G,"Visitante") | Y15: =COUNTIFS(D:D,L15,G:G,"Local") | Z15: =SUMIF(C:C,L15,E:E) | AA15: =SUMIF(D:D,L15,F:F) | AB15: =SUMIF(C:C,L15,F:F) | AC15: =SUMIF(D:D,L15,E:E)
A16: 15 | B16: C | C16: Escocia | D16: Marruecos | E16: 0 | F16: 1 | G16: {=_xlfn.IFS(E16>F16,"Local",E16=F16,"Empate",E16<F16,"Visitante")} | H16: =E16-F16 | L16: Haití | M16: =(Q16*3)+R16 | N16: =O16-P16 | O16: =Z16+AA16 | P16: =AB16+AC16 | Q16: =T16+U16 | R16: =V16+W16 | S16: =X16+Y16 | T16: =COUNTIFS(C:C,L16,G:G,"Local") | U16: =COUNTIFS(D:D,L16,G:G,"Visitante") | V16: =COUNTIFS(C:C,L16,G:G,"Empate") | W16: =COUNTIFS(D:D,L16,G:G,"Empate") | X16: =COUNTIFS(C:C,L16,G:G,"Visitante") | Y16: =COUNTIFS(D:D,L16,G:G,"Local") | Z16: =SUMIF(C:C,L16,E:E) | AA16: =SUMIF(D:D,L16,F:F) | AB16: =SUMIF(C:C,L16,F:F) | AC16: =SUMIF(D:D,L16,E:E)
A17: 16 | B17: C | C17: Brasil | D17: Haití | E17: 3 | F17: 0 | G17: {=_xlfn.IFS(E17>F17,"Local",E17=F17,"Empate",E17<F17,"Visitante")} | H17: =E17-F17 | L17: Escocia | M17: =(Q17*3)+R17 | N17: =O17-P17 | O17: =Z17+AA17 | P17: =AB17+AC17 | Q17: =T17+U17 | R17: =V17+W17 | S17: =X17+Y17 | T17: =COUNTIFS(C:C,L17,G:G,"Local") | U17: =COUNTIFS(D:D,L17,G:G,"Visitante") | V17: =COUNTIFS(C:C,L17,G:G,"Empate") | W17: =COUNTIFS(D:D,L17,G:G,"Empate") | X17: =COUNTIFS(C:C,L17,G:G,"Visitante") | Y17: =COUNTIFS(D:D,L17,G:G,"Local") | Z17: =SUMIF(C:C,L17,E:E) | AA17: =SUMIF(D:D,L17,F:F) | AB17: =SUMIF(C:C,L17,F:F) | AC17: =SUMIF(D:D,L17,E:E)
A18: 17 | B18: C | C18: Escocia | D18: Brasil | E18: 0 | F18: 3 | G18: {=_xlfn.IFS(E18>F18,"Local",E18=F18,"Empate",E18<F18,"Visitante")} | H18: =E18-F18
A19: 18 | B19: C | C19: Marruecos | D19: Haití | E19: 4 | F19: 2 | G19: {=_xlfn.IFS(E19>F19,"Local",E19=F19,"Empate",E19<F19,"Visitante")} | H19: =E19-F19 | J19: Grupo | K19: Posición | L19: Equipo | M19: Puntos | N19: Diferencia | O19: GF | P19: GC | Q19: Victorias | R19: Empates | S19: Derrotas | T19: Victorias_L | U19: Victorias_V | V19: Empates_L | W19: Empates_V | X19: Derrotas_L | Y19: Derrotas_V | Z19: GF_L | AA19: GF_V | AB19: GC_L | AC19: GC_V
A20: 19 | B20: D | C20: Estados Unidos | D20: Paraguay | E20: 4 | F20: 1 | G20: {=_xlfn.IFS(E20>F20,"Local",E20=F20,"Empate",E20<F20,"Visitante")} | H20: =E20-F20 | J20: D | L20: Estados Unidos | M20: =(Q20*3)+R20 | N20: =O20-P20 | O20: =Z20+AA20 | P20: =AB20+AC20 | Q20: =T20+U20 | R20: =V20+W20 | S20: =X20+Y20 | T20: =COUNTIFS(C:C,L20,G:G,"Local") | U20: =COUNTIFS(D:D,L20,G:G,"Visitante") | V20: =COUNTIFS(C:C,L20,G:G,"Empate") | W20: =COUNTIFS(D:D,L20,G:G,"Empate") | X20: =COUNTIFS(C:C,L20,G:G,"Visitante") | Y20: =COUNTIFS(D:D,L20,G:G,"Local") | Z20: =SUMIF(C:C,L20,E:E) | AA20: =SUMIF(D:D,L20,F:F) | AB20: =SUMIF(C:C,L20,F:F) | AC20: =SUMIF(D:D,L20,E:E)
A21: 20 | B21: D | C21: Australia | D21: Turquía | E21: 2 | F21: 0 | G21: {=_xlfn.IFS(E21>F21,"Local",E21=F21,"Empate",E21<F21,"Visitante")} | H21: =E21-F21 | L21: Paraguay | M21: =(Q21*3)+R21 | N21: =O21-P21 | O21: =Z21+AA21 | P21: =AB21+AC21 | Q21: =T21+U21 | R21: =V21+W21 | S21: =X21+Y21 | T21: =COUNTIFS(C:C,L21,G:G,"Local") | U21: =COUNTIFS(D:D,L21,G:G,"Visitante") | V21: =COUNTIFS(C:C,L21,G:G,"Empate") | W21: =COUNTIFS(D:D,L21,G:G,"Empate") | X21: =COUNTIFS(C:C,L21,G:G,"Visitante") | Y21: =COUNTIFS(D:D,L21,G:G,"Local") | Z21: =SUMIF(C:C,L21,E:E) | AA21: =SUMIF(D:D,L21,F:F) | AB21: =SUMIF(C:C,L21,F:F) | AC21: =SUMIF(D:D,L21,E:E)
A22: 21 | B22: D | C22: Estados Unidos | D22: Australia | E22: 2 | F22: 0 | G22: {=_xlfn.IFS(E22>F22,"Local",E22=F22,"Empate",E22<F22,"Visitante")} | H22: =E22-F22 | L22: Australia | M22: =(Q22*3)+R22 | N22: =O22-P22 | O22: =Z22+AA22 | P22: =AB22+AC22 | Q22: =T22+U22 | R22: =V22+W22 | S22: =X22+Y22 | T22: =COUNTIFS(C:C,L22,G:G,"Local") | U22: =COUNTIFS(D:D,L22,G:G,"Visitante") | V22: =COUNTIFS(C:C,L22,G:G,"Empate") | W22: =COUNTIFS(D:D,L22,G:G,"Empate") | X22: =COUNTIFS(C:C,L22,G:G,"Visitante") | Y22: =COUNTIFS(D:D,L22,G:G,"Local") | Z22: =SUMIF(C:C,L22,E:E) | AA22: =SUMIF(D:D,L22,F:F) | AB22: =SUMIF(C:C,L22,F:F) | AC22: =SUMIF(D:D,L22,E:E)
A23: 22 | B23: D | C23: Turquía | D23: Paraguay | E23: 0 | F23: 1 | G23: {=_xlfn.IFS(E23>F23,"Local",E23=F23,"Empate",E23<F23,"Visitante")} | H23: =E23-F23 | L23: Turquía | M23: =(Q23*3)+R23 | N23: =O23-P23 | O23: =Z23+AA23 | P23: =AB23+AC23 | Q23: =T23+U23 | R23: =V23+W23 | S23: =X23+Y23 | T23: =COUNTIFS(C:C,L23,G:G,"Local") | U23: =COUNTIFS(D:D,L23,G:G,"Visitante") | V23: =COUNTIFS(C:C,L23,G:G,"Empate") | W23: =COUNTIFS(D:D,L23,G:G,"Empate") | X23: =COUNTIFS(C:C,L23,G:G,"Visitante") | Y23: =COUNTIFS(D:D,L23,G:G,"Local") | Z23: =SUMIF(C:C,L23,E:E) | AA23: =SUMIF(D:D,L23,F:F) | AB23: =SUMIF(C:C,L23,F:F) | AC23: =SUMIF(D:D,L23,E:E)
A24: 23 | B24: D | C24: Turquía | D24: Estados Unidos | E24: 3 | F24: 2 | G24: {=_xlfn.IFS(E24>F24,"Local",E24=F24,"Empate",E24<F24,"Visitante")} | H24: =E24-F24
A25: 24 | B25: D | C25: Paraguay | D25: Australia | E25: 0 | F25: 0 | G25: {=_xlfn.IFS(E25>F25,"Local",E25=F25,"Empate",E25<F25,"Visitante")} | H25: =E25-F25 | J25: Grupo | K25: Posición | L25: Equipo | M25: Puntos | N25: Diferencia | O25: GF | P25: GC | Q25: Victorias | R25: Empates | S25: Derrotas | T25: Victorias_L | U25: Victorias_V | V25: Empates_L | W25: Empates_V | X25: Derrotas_L | Y25: Derrotas_V | Z25: GF_L | AA25: GF_V | AB25: GC_L | AC25: GC_V
A26: 25 | B26: E | C26: Alemania | D26: Curazao | E26: 7 | F26: 1 | G26: {=_xlfn.IFS(E26>F26,"Local",E26=F26,"Empate",E26<F26,"Visitante")} | H26: =E26-F26 | J26: E | L26: Alemania | M26: =(Q26*3)+R26 | N26: =O26-P26 | O26: =Z26+AA26 | P26: =AB26+AC26 | Q26: =T26+U26 | R26: =V26+W26 | S26: =X26+Y26 | T26: =COUNTIFS(C:C,L26,G:G,"Local") | U26: =COUNTIFS(D:D,L26,G:G,"Visitante") | V26: =COUNTIFS(C:C,L26,G:G,"Empate") | W26: =COUNTIFS(D:D,L26,G:G,"Empate") | X26: =COUNTIFS(C:C,L26,G:G,"Visitante") | Y26: =COUNTIFS(D:D,L26,G:G,"Local") | Z26: =SUMIF(C:C,L26,E:E) | AA26: =SUMIF(D:D,L26,F:F) | AB26: =SUMIF(C:C,L26,F:F) | AC26: =SUMIF(D:D,L26,E:E)
A27: 26 | B27: E | C27: Costa de Marfil | D27: Ecuador | E27: 1 | F27: 0 | G27: {=_xlfn.IFS(E27>F27,"Local",E27=F27,"Empate",E27<F27,"Visitante")} | H27: =E27-F27 | L27: Curazao | M27: =(Q27*3)+R27 | N27: =O27-P27 | O27: =Z27+AA27 | P27: =AB27+AC27 | Q27: =T27+U27 | R27: =V27+W27 | S27: =X27+Y27 | T27: =COUNTIFS(C:C,L27,G:G,"Local") | U27: =COUNTIFS(D:D,L27,G:G,"Visitante") | V27: =COUNTIFS(C:C,L27,G:G,"Empate") | W27: =COUNTIFS(D:D,L27,G:G,"Empate") | X27: =COUNTIFS(C:C,L27,G:G,"Visitante") | Y27: =COUNTIFS(D:D,L27,G:G,"Local") | Z27: =SUMIF(C:C,L27,E:E) | AA27: =SUMIF(D:D,L27,F:F) | AB27: =SUMIF(C:C,L27,F:F) | AC27: =SUMIF(D:D,L27,E:E)
A28: 27 | B28: E | C28: Alemania | D28: Costa de Marfil | E28: 2 | F28: 1 | G28: {=_xlfn.IFS(E28>F28,"Local",E28=F28,"Empate",E28<F28,"Visitante")} | H28: =E28-F28 | L28: Costa de Marfil | M28: =(Q28*3)+R28 | N28: =O28-P28 | O28: =Z28+AA28 | P28: =AB28+AC28 | Q28: =T28+U28 | R28: =V28+W28 | S28: =X28+Y28 | T28: =COUNTIFS(C:C,L28,G:G,"Local") | U28: =COUNTIFS(D:D,L28,G:G,"Visitante") | V28: =COUNTIFS(C:C,L28,G:G,"Empate") | W28: =COUNTIFS(D:D,L28,G:G,"Empate") | X28: =COUNTIFS(C:C,L28,G:G,"Visitante") | Y28: =COUNTIFS(D:D,L28,G:G,"Local") | Z28: =SUMIF(C:C,L28,E:E) | AA28: =SUMIF(D:D,L28,F:F) | AB28: =SUMIF(C:C,L28,F:F) | AC28: =SUMIF(D:D,L28,E:E)
A29: 28 | B29: E | C29: Ecuador | D29: Curazao | E29: 0 | F29: 0 | G29: {=_xlfn.IFS(E29>F29,"Local",E29=F29,"Empate",E29<F29,"Visitante")} | H29: =E29-F29 | L29: Ecuador | M29: =(Q29*3)+R29 | N29: =O29-P29 | O29: =Z29+AA29 | P29: =AB29+AC29 | Q29: =T29+U29 | R29: =V29+W29 | S29: =X29+Y29 | T29: =COUNTIFS(C:C,L29,G:G,"Local") | U29: =COUNTIFS(D:D,L29,G:G,"Visitante") | V29: =COUNTIFS(C:C,L29,G:G,"Empate") | W29: =COUNTIFS(D:D,L29,G:G,"Empate") | X29: =COUNTIFS(C:C,L29,G:G,"Visitante") | Y29: =COUNTIFS(D:D,L29,G:G,"Local") | Z29: =SUMIF(C:C,L29,E:E) | AA29: =SUMIF(D:D,L29,F:F) | AB29: =SUMIF(C:C,L29,F:F) | AC29: =SUMIF(D:D,L29,E:E)
A30: 29 | B30: E | C30: Curazao | D30: Costa de Marfil | E30: 0 | F30: 2 | G30: {=_xlfn.IFS(E30>F30,"Local",E30=F30,"Empate",E30<F30,"Visitante")} | H30: =E30-F30
A31: 30 | B31: E | C31: Ecuador | D31: Alemania | E31: 2 | F31: 1 | G31: {=_xlfn.IFS(E31>F31,"Local",E31=F31,"Empate",E31<F31,"Visitante")} | H31: =E31-F31 | J31: Grupo | K31: Posición | L31: Equipo | M31: Puntos | N31: Diferencia | O31: GF | P31: GC | Q31: Victorias | R31: Empates | S31: Derrotas | T31: Victorias_L | U31: Victorias_V | V31: Empates_L | W31: Empates_V | X31: Derrotas_L | Y31: Derrotas_V | Z31: GF_L | AA31: GF_V | AB31: GC_L | AC31: GC_V
A32: 31 | B32: F | C32: Países Bajos | D32: Japón | E32: 2 | F32: 2 | G32: {=_xlfn.IFS(E32>F32,"Local",E32=F32,"Empate",E32<F32,"Visitante")} | H32: =E32-F32 | J32: F | L32: Países Bajos | M32: =(Q32*3)+R32 | N32: =O32-P32 | O32: =Z32+AA32 | P32: =AB32+AC32 | Q32: =T32+U32 | R32: =V32+W32 | S32: =X32+Y32 | T32: =COUNTIFS(C:C,L32,G:G,"Local") | U32: =COUNTIFS(D:D,L32,G:G,"Visitante") | V32: =COUNTIFS(C:C,L32,G:G,"Empate") | W32: =COUNTIFS(D:D,L32,G:G,"Empate") | X32: =COUNTIFS(C:C,L32,G:G,"Visitante") | Y32: =COUNTIFS(D:D,L32,G:G,"Local") | Z32: =SUMIF(C:C,L32,E:E) | AA32: =SUMIF(D:D,L32,F:F) | AB32: =SUMIF(C:C,L32,F:F) | AC32: =SUMIF(D:D,L32,E:E)
A33: 32 | B33: F | C33: Suecia | D33: Túnez | E33: 5 | F33: 1 | G33: {=_xlfn.IFS(E33>F33,"Local",E33=F33,"Empate",E33<F33,"Visitante")} | H33: =E33-F33 | L33: Japón | M33: =(Q33*3)+R33 | N33: =O33-P33 | O33: =Z33+AA33 | P33: =AB33+AC33 | Q33: =T33+U33 | R33: =V33+W33 | S33: =X33+Y33 | T33: =COUNTIFS(C:C,L33,G:G,"Local") | U33: =COUNTIFS(D:D,L33,G:G,"Visitante") | V33: =COUNTIFS(C:C,L33,G:G,"Empate") | W33: =COUNTIFS(D:D,L33,G:G,"Empate") | X33: =COUNTIFS(C:C,L33,G:G,"Visitante") | Y33: =COUNTIFS(D:D,L33,G:G,"Local") | Z33: =SUMIF(C:C,L33,E:E) | AA33: =SUMIF(D:D,L33,F:F) | AB33: =SUMIF(C:C,L33,F:F) | AC33: =SUMIF(D:D,L33,E:E)
A34: 33 | B34: F | C34: Países Bajos | D34: Suecia | E34: 5 | F34: 1 | G34: {=_xlfn.IFS(E34>F34,"Local",E34=F34,"Empate",E34<F34,"Visitante")} | H34: =E34-F34 | L34: Suecia | M34: =(Q34*3)+R34 | N34: =O34-P34 | O34: =Z34+AA34 | P34: =AB34+AC34 | Q34: =T34+U34 | R34: =V34+W34 | S34: =X34+Y34 | T34: =COUNTIFS(C:C,L34,G:G,"Local") | U34: =COUNTIFS(D:D,L34,G:G,"Visitante") | V34: =COUNTIFS(C:C,L34,G:G,"Empate") | W34: =COUNTIFS(D:D,L34,G:G,"Empate") | X34: =COUNTIFS(C:C,L34,G:G,"Visitante") | Y34: =COUNTIFS(D:D,L34,G:G,"Local") | Z34: =SUMIF(C:C,L34,E:E) | AA34: =SUMIF(D:D,L34,F:F) | AB34: =SUMIF(C:C,L34,F:F) | AC34: =SUMIF(D:D,L34,E:E)
A35: 34 | B35: F | C35: Túnez | D35: Japón | E35: 0 | F35: 4 | G35: {=_xlfn.IFS(E35>F35,"Local",E35=F35,"Empate",E35<F35,"Visitante")} | H35: =E35-F35 | L35: Túnez | M35: =(Q35*3)+R35 | N35: =O35-P35 | O35: =Z35+AA35 | P35: =AB35+AC35 | Q35: =T35+U35 | R35: =V35+W35 | S35: =X35+Y35 | T35: =COUNTIFS(C:C,L35,G:G,"Local") | U35: =COUNTIFS(D:D,L35,G:G,"Visitante") | V35: =COUNTIFS(C:C,L35,G:G,"Empate") | W35: =COUNTIFS(D:D,L35,G:G,"Empate") | X35: =COUNTIFS(C:C,L35,G:G,"Visitante") | Y35: =COUNTIFS(D:D,L35,G:G,"Local") | Z35: =SUMIF(C:C,L35,E:E) | AA35: =SUMIF(D:D,L35,F:F) | AB35: =SUMIF(C:C,L35,F:F) | AC35: =SUMIF(D:D,L35,E:E)
A36: 35 | B36: F | C36: Japón | D36: Suecia | E36: 1 | F36: 1 | G36: {=_xlfn.IFS(E36>F36,"Local",E36=F36,"Empate",E36<F36,"Visitante")} | H36: =E36-F36
A37: 36 | B37: F | C37: Túnez | D37: Países Bajos | E37: 1 | F37: 3 | G37: {=_xlfn.IFS(E37>F37,"Local",E37=F37,"Empate",E37<F37,"Visitante")} | H37: =E37-F37 | J37: Grupo | K37: Posición | L37: Equipo | M37: Puntos | N37: Diferencia | O37: GF | P37: GC | Q37: Victorias | R37: Empates | S37: Derrotas | T37: Victorias_L | U37: Victorias_V | V37: Empates_L | W37: Empates_V | X37: Derrotas_L | Y37: Derrotas_V | Z37: GF_L | AA37: GF_V | AB37: GC_L | AC37: GC_V
A38: 37 | B38: G | C38: Bélgica | D38: Egipto | E38: 1 | F38: 1 | G38: {=_xlfn.IFS(E38>F38,"Local",E38=F38,"Empate",E38<F38,"Visitante")} | H38: =E38-F38 | J38: G | L38: Bélgica | M38: =(Q38*3)+R38 | N38: =O38-P38 | O38: =Z38+AA38 | P38: =AB38+AC38 | Q38: =T38+U38 | R38: =V38+W38 | S38: =X38+Y38 | T38: =COUNTIFS(C:C,L38,G:G,"Local") | U38: =COUNTIFS(D:D,L38,G:G,"Visitante") | V38: =COUNTIFS(C:C,L38,G:G,"Empate") | W38: =COUNTIFS(D:D,L38,G:G,"Empate") | X38: =COUNTIFS(C:C,L38,G:G,"Visitante") | Y38: =COUNTIFS(D:D,L38,G:G,"Local") | Z38: =SUMIF(C:C,L38,E:E) | AA38: =SUMIF(D:D,L38,F:F) | AB38: =SUMIF(C:C,L38,F:F) | AC38: =SUMIF(D:D,L38,E:E)
A39: 38 | B39: G | C39: Irán | D39: Nueva Zelanda | E39: 2 | F39: 2 | G39: {=_xlfn.IFS(E39>F39,"Local",E39=F39,"Empate",E39<F39,"Visitante")} | H39: =E39-F39 | L39: Egipto | M39: =(Q39*3)+R39 | N39: =O39-P39 | O39: =Z39+AA39 | P39: =AB39+AC39 | Q39: =T39+U39 | R39: =V39+W39 | S39: =X39+Y39 | T39: =COUNTIFS(C:C,L39,G:G,"Local") | U39: =COUNTIFS(D:D,L39,G:G,"Visitante") | V39: =COUNTIFS(C:C,L39,G:G,"Empate") | W39: =COUNTIFS(D:D,L39,G:G,"Empate") | X39: =COUNTIFS(C:C,L39,G:G,"Visitante") | Y39: =COUNTIFS(D:D,L39,G:G,"Local") | Z39: =SUMIF(C:C,L39,E:E) | AA39: =SUMIF(D:D,L39,F:F) | AB39: =SUMIF(C:C,L39,F:F) | AC39: =SUMIF(D:D,L39,E:E)
A40: 39 | B40: G | C40: Bélgica | D40: Irán | E40: 0 | F40: 0 | G40: {=_xlfn.IFS(E40>F40,"Local",E40=F40,"Empate",E40<F40,"Visitante")} | H40: =E40-F40 | L40: Irán | M40: =(Q40*3)+R40 | N40: =O40-P40 | O40: =Z40+AA40 | P40: =AB40+AC40 | Q40: =T40+U40 | R40: =V40+W40 | S40: =X40+Y40 | T40: =COUNTIFS(C:C,L40,G:G,"Local") | U40: =COUNTIFS(D:D,L40,G:G,"Visitante") | V40: =COUNTIFS(C:C,L40,G:G,"Empate") | W40: =COUNTIFS(D:D,L40,G:G,"Empate") | X40: =COUNTIFS(C:C,L40,G:G,"Visitante") | Y40: =COUNTIFS(D:D,L40,G:G,"Local") | Z40: =SUMIF(C:C,L40,E:E) | AA40: =SUMIF(D:D,L40,F:F) | AB40: =SUMIF(C:C,L40,F:F) | AC40: =SUMIF(D:D,L40,E:E)
A41: 40 | B41: G | C41: Nueva Zelanda | D41: Egipto | E41: 1 | F41: 3 | G41: {=_xlfn.IFS(E41>F41,"Local",E41=F41,"Empate",E41<F41,"Visitante")} | H41: =E41-F41 | L41: Nueva Zelanda | M41: =(Q41*3)+R41 | N41: =O41-P41 | O41: =Z41+AA41 | P41: =AB41+AC41 | Q41: =T41+U41 | R41: =V41+W41 | S41: =X41+Y41 | T41: =COUNTIFS(C:C,L41,G:G,"Local") | U41: =COUNTIFS(D:D,L41,G:G,"Visitante") | V41: =COUNTIFS(C:C,L41,G:G,"Empate") | W41: =COUNTIFS(D:D,L41,G:G,"Empate") | X41: =COUNTIFS(C:C,L41,G:G,"Visitante") | Y41: =COUNTIFS(D:D,L41,G:G,"Local") | Z41: =SUMIF(C:C,L41,E:E) | AA41: =SUMIF(D:D,L41,F:F) | AB41: =SUMIF(C:C,L41,F:F) | AC41: =SUMIF(D:D,L41,E:E)
A42: 41 | B42: G | C42: Egipto | D42: Irán | E42: 1 | F42: 1 | G42: {=_xlfn.IFS(E42>F42,"Local",E42=F42,"Empate",E42<F42,"Visitante")} | H42: =E42-F42
A43: 42 | B43: G | C43: Nueva Zelanda | D43: Bélgica | E43: 1 | F43: 5 | G43: {=_xlfn.IFS(E43>F43,"Local",E43=F43,"Empate",E43<F43,"Visitante")} | H43: =E43-F43 | J43: Grupo | K43: Posición | L43: Equipo | M43: Puntos | N43: Diferencia | O43: GF | P43: GC | Q43: Victorias | R43: Empates | S43: Derrotas | T43: Victorias_L | U43: Victorias_V | V43: Empates_L | W43: Empates_V | X43: Derrotas_L | Y43: Derrotas_V | Z43: GF_L | AA43: GF_V | AB43: GC_L | AC43: GC_V
A44: 43 | B44: H | C44: España | D44: Cabo Verde | E44: 0 | F44: 0 | G44: {=_xlfn.IFS(E44>F44,"Local",E44=F44,"Empate",E44<F44,"Visitante")} | H44: =E44-F44 | J44: H | L44: España | M44: =(Q44*3)+R44 | N44: =O44-P44 | O44: =Z44+AA44 | P44: =AB44+AC44 | Q44: =T44+U44 | R44: =V44+W44 | S44: =X44+Y44 | T44: =COUNTIFS(C:C,L44,G:G,"Local") | U44: =COUNTIFS(D:D,L44,G:G,"Visitante") | V44: =COUNTIFS(C:C,L44,G:G,"Empate") | W44: =COUNTIFS(D:D,L44,G:G,"Empate") | X44: =COUNTIFS(C:C,L44,G:G,"Visitante") | Y44: =COUNTIFS(D:D,L44,G:G,"Local") | Z44: =SUMIF(C:C,L44,E:E) | AA44: =SUMIF(D:D,L44,F:F) | AB44: =SUMIF(C:C,L44,F:F) | AC44: =SUMIF(D:D,L44,E:E)
A45: 44 | B45: H | C45: Arabia Saudí | D45: Uruguay | E45: 1 | F45: 1 | G45: {=_xlfn.IFS(E45>F45,"Local",E45=F45,"Empate",E45<F45,"Visitante")} | H45: =E45-F45 | L45: Cabo Verde | M45: =(Q45*3)+R45 | N45: =O45-P45 | O45: =Z45+AA45 | P45: =AB45+AC45 | Q45: =T45+U45 | R45: =V45+W45 | S45: =X45+Y45 | T45: =COUNTIFS(C:C,L45,G:G,"Local") | U45: =COUNTIFS(D:D,L45,G:G,"Visitante") | V45: =COUNTIFS(C:C,L45,G:G,"Empate") | W45: =COUNTIFS(D:D,L45,G:G,"Empate") | X45: =COUNTIFS(C:C,L45,G:G,"Visitante") | Y45: =COUNTIFS(D:D,L45,G:G,"Local") | Z45: =SUMIF(C:C,L45,E:E) | AA45: =SUMIF(D:D,L45,F:F) | AB45: =SUMIF(C:C,L45,F:F) | AC45: =SUMIF(D:D,L45,E:E)
A46: 45 | B46: H | C46: España | D46: Arabia Saudí | E46: 4 | F46: 0 | G46: {=_xlfn.IFS(E46>F46,"Local",E46=F46,"Empate",E46<F46,"Visitante")} | H46: =E46-F46 | L46: Arabia Saudí | M46: =(Q46*3)+R46 | N46: =O46-P46 | O46: =Z46+AA46 | P46: =AB46+AC46 | Q46: =T46+U46 | R46: =V46+W46 | S46: =X46+Y46 | T46: =COUNTIFS(C:C,L46,G:G,"Local") | U46: =COUNTIFS(D:D,L46,G:G,"Visitante") | V46: =COUNTIFS(C:C,L46,G:G,"Empate") | W46: =COUNTIFS(D:D,L46,G:G,"Empate") | X46: =COUNTIFS(C:C,L46,G:G,"Visitante") | Y46: =COUNTIFS(D:D,L46,G:G,"Local") | Z46: =SUMIF(C:C,L46,E:E) | AA46: =SUMIF(D:D,L46,F:F) | AB46: =SUMIF(C:C,L46,F:F) | AC46: =SUMIF(D:D,L46,E:E)
A47: 46 | B47: H | C47: Uruguay | D47: Cabo Verde | E47: 2 | F47: 2 | G47: {=_xlfn.IFS(E47>F47,"Local",E47=F47,"Empate",E47<F47,"Visitante")} | H47: =E47-F47 | L47: Uruguay | M47: =(Q47*3)+R47 | N47: =O47-P47 | O47: =Z47+AA47 | P47: =AB47+AC47 | Q47: =T47+U47 | R47: =V47+W47 | S47: =X47+Y47 | T47: =COUNTIFS(C:C,L47,G:G,"Local") | U47: =COUNTIFS(D:D,L47,G:G,"Visitante") | V47: =COUNTIFS(C:C,L47,G:G,"Empate") | W47: =COUNTIFS(D:D,L47,G:G,"Empate") | X47: =COUNTIFS(C:C,L47,G:G,"Visitante") | Y47: =COUNTIFS(D:D,L47,G:G,"Local") | Z47: =SUMIF(C:C,L47,E:E) | AA47: =SUMIF(D:D,L47,F:F) | AB47: =SUMIF(C:C,L47,F:F) | AC47: =SUMIF(D:D,L47,E:E)
A48: 47 | B48: H | C48: Cabo Verde | D48: Arabia Saudí | E48: 0 | F48: 0 | G48: {=_xlfn.IFS(E48>F48,"Local",E48=F48,"Empate",E48<F48,"Visitante")} | H48: =E48-F48
A49: 48 | B49: H | C49: Uruguay | D49: España | E49: 0 | F49: 1 | G49: {=_xlfn.IFS(E49>F49,"Local",E49=F49,"Empate",E49<F49,"Visitante")} | H49: =E49-F49 | J49: Grupo | K49: Posición | L49: Equipo | M49: Puntos | N49: Diferencia | O49: GF | P49: GC | Q49: Victorias | R49: Empates | S49: Derrotas | T49: Victorias_L | U49: Victorias_V | V49: Empates_L | W49: Empates_V | X49: Derrotas_L | Y49: Derrotas_V | Z49: GF_L | AA49: GF_V | AB49: GC_L | AC49: GC_V
A50: 49 | B50: I | C50: Francia | D50: Senegal | E50: 3 | F50: 1 | G50: {=_xlfn.IFS(E50>F50,"Local",E50=F50,"Empate",E50<F50,"Visitante")} | H50: =E50-F50 | J50: I | L50: Francia | M50: =(Q50*3)+R50 | N50: =O50-P50 | O50: =Z50+AA50 | P50: =AB50+AC50 | Q50: =T50+U50 | R50: =V50+W50 | S50: =X50+Y50 | T50: =COUNTIFS(C:C,L50,G:G,"Local") | U50: =COUNTIFS(D:D,L50,G:G,"Visitante") | V50: =COUNTIFS(C:C,L50,G:G,"Empate") | W50: =COUNTIFS(D:D,L50,G:G,"Empate") | X50: =COUNTIFS(C:C,L50,G:G,"Visitante") | Y50: =COUNTIFS(D:D,L50,G:G,"Local") | Z50: =SUMIF(C:C,L50,E:E) | AA50: =SUMIF(D:D,L50,F:F) | AB50: =SUMIF(C:C,L50,F:F) | AC50: =SUMIF(D:D,L50,E:E)
A51: 50 | B51: I | C51: Irak | D51: Noruega | E51: 1 | F51: 4 | G51: {=_xlfn.IFS(E51>F51,"Local",E51=F51,"Empate",E51<F51,"Visitante")} | H51: =E51-F51 | L51: Senegal | M51: =(Q51*3)+R51 | N51: =O51-P51 | O51: =Z51+AA51 | P51: =AB51+AC51 | Q51: =T51+U51 | R51: =V51+W51 | S51: =X51+Y51 | T51: =COUNTIFS(C:C,L51,G:G,"Local") | U51: =COUNTIFS(D:D,L51,G:G,"Visitante") | V51: =COUNTIFS(C:C,L51,G:G,"Empate") | W51: =COUNTIFS(D:D,L51,G:G,"Empate") | X51: =COUNTIFS(C:C,L51,G:G,"Visitante") | Y51: =COUNTIFS(D:D,L51,G:G,"Local") | Z51: =SUMIF(C:C,L51,E:E) | AA51: =SUMIF(D:D,L51,F:F) | AB51: =SUMIF(C:C,L51,F:F) | AC51: =SUMIF(D:D,L51,E:E)
A52: 51 | B52: I | C52: Francia | D52: Irak | E52: 3 | F52: 0 | G52: {=_xlfn.IFS(E52>F52,"Local",E52=F52,"Empate",E52<F52,"Visitante")} | H52: =E52-F52 | L52: Irak | M52: =(Q52*3)+R52 | N52: =O52-P52 | O52: =Z52+AA52 | P52: =AB52+AC52 | Q52: =T52+U52 | R52: =V52+W52 | S52: =X52+Y52 | T52: =COUNTIFS(C:C,L52,G:G,"Local") | U52: =COUNTIFS(D:D,L52,G:G,"Visitante") | V52: =COUNTIFS(C:C,L52,G:G,"Empate") | W52: =COUNTIFS(D:D,L52,G:G,"Empate") | X52: =COUNTIFS(C:C,L52,G:G,"Visitante") | Y52: =COUNTIFS(D:D,L52,G:G,"Local") | Z52: =SUMIF(C:C,L52,E:E) | AA52: =SUMIF(D:D,L52,F:F) | AB52: =SUMIF(C:C,L52,F:F) | AC52: =SUMIF(D:D,L52,E:E)
A53: 52 | B53: I | C53: Noruega | D53: Senegal | E53: 3 | F53: 2 | G53: {=_xlfn.IFS(E53>F53,"Local",E53=F53,"Empate",E53<F53,"Visitante")} | H53: =E53-F53 | L53: Noruega | M53: =(Q53*3)+R53 | N53: =O53-P53 | O53: =Z53+AA53 | P53: =AB53+AC53 | Q53: =T53+U53 | R53: =V53+W53 | S53: =X53+Y53 | T53: =COUNTIFS(C:C,L53,G:G,"Local") | U53: =COUNTIFS(D:D,L53,G:G,"Visitante") | V53: =COUNTIFS(C:C,L53,G:G,"Empate") | W53: =COUNTIFS(D:D,L53,G:G,"Empate") | X53: =COUNTIFS(C:C,L53,G:G,"Visitante") | Y53: =COUNTIFS(D:D,L53,G:G,"Local") | Z53: =SUMIF(C:C,L53,E:E) | AA53: =SUMIF(D:D,L53,F:F) | AB53: =SUMIF(C:C,L53,F:F) | AC53: =SUMIF(D:D,L53,E:E)
A54: 53 | B54: I | C54: Noruega | D54: Francia | E54: 1 | F54: 4 | G54: {=_xlfn.IFS(E54>F54,"Local",E54=F54,"Empate",E54<F54,"Visitante")} | H54: =E54-F54
A55: 54 | B55: I | C55: Senegal | D55: Irak | E55: 5 | F55: 0 | G55: {=_xlfn.IFS(E55>F55,"Local",E55=F55,"Empate",E55<F55,"Visitante")} | H55: =E55-F55 | J55: Grupo | K55: Posición | L55: Equipo | M55: Puntos | N55: Diferencia | O55: GF | P55: GC | Q55: Victorias | R55: Empates | S55: Derrotas | T55: Victorias_L | U55: Victorias_V | V55: Empates_L | W55: Empates_V | X55: Derrotas_L | Y55: Derrotas_V | Z55: GF_L | AA55: GF_V | AB55: GC_L | AC55: GC_V
A56: 55 | B56: J | C56: Argentina | D56: Argelia | E56: 3 | F56: 0 | G56: {=_xlfn.IFS(E56>F56,"Local",E56=F56,"Empate",E56<F56,"Visitante")} | H56: =E56-F56 | J56: J | L56: Argentina | M56: =(Q56*3)+R56 | N56: =O56-P56 | O56: =Z56+AA56 | P56: =AB56+AC56 | Q56: =T56+U56 | R56: =V56+W56 | S56: =X56+Y56 | T56: =COUNTIFS(C:C,L56,G:G,"Local") | U56: =COUNTIFS(D:D,L56,G:G,"Visitante") | V56: =COUNTIFS(C:C,L56,G:G,"Empate") | W56: =COUNTIFS(D:D,L56,G:G,"Empate") | X56: =COUNTIFS(C:C,L56,G:G,"Visitante") | Y56: =COUNTIFS(D:D,L56,G:G,"Local") | Z56: =SUMIF(C:C,L56,E:E) | AA56: =SUMIF(D:D,L56,F:F) | AB56: =SUMIF(C:C,L56,F:F) | AC56: =SUMIF(D:D,L56,E:E)
A57: 56 | B57: J | C57: Austria | D57: Jordania | E57: 3 | F57: 1 | G57: {=_xlfn.IFS(E57>F57,"Local",E57=F57,"Empate",E57<F57,"Visitante")} | H57: =E57-F57 | L57: Argelia | M57: =(Q57*3)+R57 | N57: =O57-P57 | O57: =Z57+AA57 | P57: =AB57+AC57 | Q57: =T57+U57 | R57: =V57+W57 | S57: =X57+Y57 | T57: =COUNTIFS(C:C,L57,G:G,"Local") | U57: =COUNTIFS(D:D,L57,G:G,"Visitante") | V57: =COUNTIFS(C:C,L57,G:G,"Empate") | W57: =COUNTIFS(D:D,L57,G:G,"Empate") | X57: =COUNTIFS(C:C,L57,G:G,"Visitante") | Y57: =COUNTIFS(D:D,L57,G:G,"Local") | Z57: =SUMIF(C:C,L57,E:E) | AA57: =SUMIF(D:D,L57,F:F) | AB57: =SUMIF(C:C,L57,F:F) | AC57: =SUMIF(D:D,L57,E:E)
A58: 57 | B58: J | C58: Argentina | D58: Austria | E58: 2 | F58: 0 | G58: {=_xlfn.IFS(E58>F58,"Local",E58=F58,"Empate",E58<F58,"Visitante")} | H58: =E58-F58 | L58: Austria | M58: =(Q58*3)+R58 | N58: =O58-P58 | O58: =Z58+AA58 | P58: =AB58+AC58 | Q58: =T58+U58 | R58: =V58+W58 | S58: =X58+Y58 | T58: =COUNTIFS(C:C,L58,G:G,"Local") | U58: =COUNTIFS(D:D,L58,G:G,"Visitante") | V58: =COUNTIFS(C:C,L58,G:G,"Empate") | W58: =COUNTIFS(D:D,L58,G:G,"Empate") | X58: =COUNTIFS(C:C,L58,G:G,"Visitante") | Y58: =COUNTIFS(D:D,L58,G:G,"Local") | Z58: =SUMIF(C:C,L58,E:E) | AA58: =SUMIF(D:D,L58,F:F) | AB58: =SUMIF(C:C,L58,F:F) | AC58: =SUMIF(D:D,L58,E:E)
A59: 58 | B59: J | C59: Jordania | D59: Argelia | E59: 1 | F59: 2 | G59: {=_xlfn.IFS(E59>F59,"Local",E59=F59,"Empate",E59<F59,"Visitante")} | H59: =E59-F59 | L59: Jordania | M59: =(Q59*3)+R59 | N59: =O59-P59 | O59: =Z59+AA59 | P59: =AB59+AC59 | Q59: =T59+U59 | R59: =V59+W59 | S59: =X59+Y59 | T59: =COUNTIFS(C:C,L59,G:G,"Local") | U59: =COUNTIFS(D:D,L59,G:G,"Visitante") | V59: =COUNTIFS(C:C,L59,G:G,"Empate") | W59: =COUNTIFS(D:D,L59,G:G,"Empate") | X59: =COUNTIFS(C:C,L59,G:G,"Visitante") | Y59: =COUNTIFS(D:D,L59,G:G,"Local") | Z59: =SUMIF(C:C,L59,E:E) | AA59: =SUMIF(D:D,L59,F:F) | AB59: =SUMIF(C:C,L59,F:F) | AC59: =SUMIF(D:D,L59,E:E)
A60: 59 | B60: J | C60: Argelia | D60: Austria | E60: 3 | F60: 3 | G60: {=_xlfn.IFS(E60>F60,"Local",E60=F60,"Empate",E60<F60,"Visitante")} | H60: =E60-F60
A61: 60 | B61: J | C61: Jordania | D61: Argentina | E61: 1 | F61: 3 | G61: {=_xlfn.IFS(E61>F61,"Local",E61=F61,"Empate",E61<F61,"Visitante")} | H61: =E61-F61 | J61: Grupo | K61: Posición | L61: Equipo | M61: Puntos | N61: Diferencia | O61: GF | P61: GC | Q61: Victorias | R61: Empates | S61: Derrotas | T61: Victorias_L | U61: Victorias_V | V61: Empates_L | W61: Empates_V | X61: Derrotas_L | Y61: Derrotas_V | Z61: GF_L | AA61: GF_V | AB61: GC_L | AC61: GC_V
A62: 61 | B62: K | C62: Portugal | D62: RD Congo | E62: 1 | F62: 1 | G62: {=_xlfn.IFS(E62>F62,"Local",E62=F62,"Empate",E62<F62,"Visitante")} | H62: =E62-F62 | J62: K | L62: Portugal | M62: =(Q62*3)+R62 | N62: =O62-P62 | O62: =Z62+AA62 | P62: =AB62+AC62 | Q62: =T62+U62 | R62: =V62+W62 | S62: =X62+Y62 | T62: =COUNTIFS(C:C,L62,G:G,"Local") | U62: =COUNTIFS(D:D,L62,G:G,"Visitante") | V62: =COUNTIFS(C:C,L62,G:G,"Empate") | W62: =COUNTIFS(D:D,L62,G:G,"Empate") | X62: =COUNTIFS(C:C,L62,G:G,"Visitante") | Y62: =COUNTIFS(D:D,L62,G:G,"Local") | Z62: =SUMIF(C:C,L62,E:E) | AA62: =SUMIF(D:D,L62,F:F) | AB62: =SUMIF(C:C,L62,F:F) | AC62: =SUMIF(D:D,L62,E:E)
A63: 62 | B63: K | C63: Uzbekistán | D63: Colombia | E63: 1 | F63: 3 | G63: {=_xlfn.IFS(E63>F63,"Local",E63=F63,"Empate",E63<F63,"Visitante")} | H63: =E63-F63 | L63: RD Congo | M63: =(Q63*3)+R63 | N63: =O63-P63 | O63: =Z63+AA63 | P63: =AB63+AC63 | Q63: =T63+U63 | R63: =V63+W63 | S63: =X63+Y63 | T63: =COUNTIFS(C:C,L63,G:G,"Local") | U63: =COUNTIFS(D:D,L63,G:G,"Visitante") | V63: =COUNTIFS(C:C,L63,G:G,"Empate") | W63: =COUNTIFS(D:D,L63,G:G,"Empate") | X63: =COUNTIFS(C:C,L63,G:G,"Visitante") | Y63: =COUNTIFS(D:D,L63,G:G,"Local") | Z63: =SUMIF(C:C,L63,E:E) | AA63: =SUMIF(D:D,L63,F:F) | AB63: =SUMIF(C:C,L63,F:F) | AC63: =SUMIF(D:D,L63,E:E)
A64: 63 | B64: K | C64: Portugal | D64: Uzbekistán | E64: 5 | F64: 0 | G64: {=_xlfn.IFS(E64>F64,"Local",E64=F64,"Empate",E64<F64,"Visitante")} | H64: =E64-F64 | L64: Uzbekistán | M64: =(Q64*3)+R64 | N64: =O64-P64 | O64: =Z64+AA64 | P64: =AB64+AC64 | Q64: =T64+U64 | R64: =V64+W64 | S64: =X64+Y64 | T64: =COUNTIFS(C:C,L64,G:G,"Local") | U64: =COUNTIFS(D:D,L64,G:G,"Visitante") | V64: =COUNTIFS(C:C,L64,G:G,"Empate") | W64: =COUNTIFS(D:D,L64,G:G,"Empate") | X64: =COUNTIFS(C:C,L64,G:G,"Visitante") | Y64: =COUNTIFS(D:D,L64,G:G,"Local") | Z64: =SUMIF(C:C,L64,E:E) | AA64: =SUMIF(D:D,L64,F:F) | AB64: =SUMIF(C:C,L64,F:F) | AC64: =SUMIF(D:D,L64,E:E)
A65: 64 | B65: K | C65: Colombia | D65: RD Congo | E65: 1 | F65: 0 | G65: {=_xlfn.IFS(E65>F65,"Local",E65=F65,"Empate",E65<F65,"Visitante")} | H65: =E65-F65 | L65: Colombia | M65: =(Q65*3)+R65 | N65: =O65-P65 | O65: =Z65+AA65 | P65: =AB65+AC65 | Q65: =T65+U65 | R65: =V65+W65 | S65: =X65+Y65 | T65: =COUNTIFS(C:C,L65,G:G,"Local") | U65: =COUNTIFS(D:D,L65,G:G,"Visitante") | V65: =COUNTIFS(C:C,L65,G:G,"Empate") | W65: =COUNTIFS(D:D,L65,G:G,"Empate") | X65: =COUNTIFS(C:C,L65,G:G,"Visitante") | Y65: =COUNTIFS(D:D,L65,G:G,"Local") | Z65: =SUMIF(C:C,L65,E:E) | AA65: =SUMIF(D:D,L65,F:F) | AB65: =SUMIF(C:C,L65,F:F) | AC65: =SUMIF(D:D,L65,E:E)
A66: 65 | B66: K | C66: Colombia | D66: Portugal | E66: 0 | F66: 0 | G66: {=_xlfn.IFS(E66>F66,"Local",E66=F66,"Empate",E66<F66,"Visitante")} | H66: =E66-F66
A67: 66 | B67: K | C67: RD Congo | D67: Uzbekistán | E67: 3 | F67: 1 | G67: {=_xlfn.IFS(E67>F67,"Local",E67=F67,"Empate",E67<F67,"Visitante")} | H67: =E67-F67 | J67: Grupo | K67: Posición | L67: Equipo | M67: Puntos | N67: Diferencia | O67: GF | P67: GC | Q67: Victorias | R67: Empates | S67: Derrotas | T67: Victorias_L | U67: Victorias_V | V67: Empates_L | W67: Empates_V | X67: Derrotas_L | Y67: Derrotas_V | Z67: GF_L | AA67: GF_V | AB67: GC_L | AC67: GC_V
A68: 67 | B68: L | C68: Inglaterra | D68: Croacia | E68: 4 | F68: 2 | G68: {=_xlfn.IFS(E68>F68,"Local",E68=F68,"Empate",E68<F68,"Visitante")} | H68: =E68-F68 | J68: L | L68: Inglaterra | M68: =(Q68*3)+R68 | N68: =O68-P68 | O68: =Z68+AA68 | P68: =AB68+AC68 | Q68: =T68+U68 | R68: =V68+W68 | S68: =X68+Y68 | T68: =COUNTIFS(C:C,L68,G:G,"Local") | U68: =COUNTIFS(D:D,L68,G:G,"Visitante") | V68: =COUNTIFS(C:C,L68,G:G,"Empate") | W68: =COUNTIFS(D:D,L68,G:G,"Empate") | X68: =COUNTIFS(C:C,L68,G:G,"Visitante") | Y68: =COUNTIFS(D:D,L68,G:G,"Local") | Z68: =SUMIF(C:C,L68,E:E) | AA68: =SUMIF(D:D,L68,F:F) | AB68: =SUMIF(C:C,L68,F:F) | AC68: =SUMIF(D:D,L68,E:E)
A69: 68 | B69: L | C69: Ghana | D69: Panamá | E69: 1 | F69: 0 | G69: {=_xlfn.IFS(E69>F69,"Local",E69=F69,"Empate",E69<F69,"Visitante")} | H69: =E69-F69 | L69: Croacia | M69: =(Q69*3)+R69 | N69: =O69-P69 | O69: =Z69+AA69 | P69: =AB69+AC69 | Q69: =T69+U69 | R69: =V69+W69 | S69: =X69+Y69 | T69: =COUNTIFS(C:C,L69,G:G,"Local") | U69: =COUNTIFS(D:D,L69,G:G,"Visitante") | V69: =COUNTIFS(C:C,L69,G:G,"Empate") | W69: =COUNTIFS(D:D,L69,G:G,"Empate") | X69: =COUNTIFS(C:C,L69,G:G,"Visitante") | Y69: =COUNTIFS(D:D,L69,G:G,"Local") | Z69: =SUMIF(C:C,L69,E:E) | AA69: =SUMIF(D:D,L69,F:F) | AB69: =SUMIF(C:C,L69,F:F) | AC69: =SUMIF(D:D,L69,E:E)
A70: 69 | B70: L | C70: Inglaterra | D70: Ghana | E70: 0 | F70: 0 | G70: {=_xlfn.IFS(E70>F70,"Local",E70=F70,"Empate",E70<F70,"Visitante")} | H70: =E70-F70 | L70: Ghana | M70: =(Q70*3)+R70 | N70: =O70-P70 | O70: =Z70+AA70 | P70: =AB70+AC70 | Q70: =T70+U70 | R70: =V70+W70 | S70: =X70+Y70 | T70: =COUNTIFS(C:C,L70,G:G,"Local") | U70: =COUNTIFS(D:D,L70,G:G,"Visitante") | V70: =COUNTIFS(C:C,L70,G:G,"Empate") | W70: =COUNTIFS(D:D,L70,G:G,"Empate") | X70: =COUNTIFS(C:C,L70,G:G,"Visitante") | Y70: =COUNTIFS(D:D,L70,G:G,"Local") | Z70: =SUMIF(C:C,L70,E:E) | AA70: =SUMIF(D:D,L70,F:F) | AB70: =SUMIF(C:C,L70,F:F) | AC70: =SUMIF(D:D,L70,E:E)
A71: 70 | B71: L | C71: Panamá | D71: Croacia | E71: 0 | F71: 1 | G71: {=_xlfn.IFS(E71>F71,"Local",E71=F71,"Empate",E71<F71,"Visitante")} | H71: =E71-F71 | L71: Panamá | M71: =(Q71*3)+R71 | N71: =O71-P71 | O71: =Z71+AA71 | P71: =AB71+AC71 | Q71: =T71+U71 | R71: =V71+W71 | S71: =X71+Y71 | T71: =COUNTIFS(C:C,L71,G:G,"Local") | U71: =COUNTIFS(D:D,L71,G:G,"Visitante") | V71: =COUNTIFS(C:C,L71,G:G,"Empate") | W71: =COUNTIFS(D:D,L71,G:G,"Empate") | X71: =COUNTIFS(C:C,L71,G:G,"Visitante") | Y71: =COUNTIFS(D:D,L71,G:G,"Local") | Z71: =SUMIF(C:C,L71,E:E) | AA71: =SUMIF(D:D,L71,F:F) | AB71: =SUMIF(C:C,L71,F:F) | AC71: =SUMIF(D:D,L71,E:E)
A72: 71 | B72: L | C72: Panamá | D72: Inglaterra | E72: 0 | F72: 2 | G72: {=_xlfn.IFS(E72>F72,"Local",E72=F72,"Empate",E72<F72,"Visitante")} | H72: =E72-F72
A73: 72 | B73: L | C73: Croacia | D73: Ghana | E73: 2 | F73: 1 | G73: {=_xlfn.IFS(E73>F73,"Local",E73=F73,"Empate",E73<F73,"Visitante")} | H73: =E73-F73

Sheet Realidad Playoffs
A1: Dieciseisavos | B1: Octavos | C1: Cuartos | D1: Semifinal | E1: Tercero | F1: Final | G1: Campeón
A2: México | B2: Canadá | C2: Marruecos | D2: Francia | E2: Inglaterra | F2: España | G2: España
A3: Sudáfrica | B3: Brasil | C3: Francia | D3: España | F3: Argentina
A4: Suiza | B4: Paraguay | C4: Noruega | D4: Inglaterra
A5: Canadá | B5: Marruecos | C5: Inglaterra | D5: Argentina
A6: Bosnia y Herzegovina | B6: Noruega | C6: España
A7: Brasil | B7: Francia | C7: Bélgica
A8: Marruecos | B8: México | C8: Argentina
A9: Estados Unidos | B9: Inglaterra | C9: Suiza
A10: Australia | B10: Bélgica
A11: Paraguay | B11: Estados Unidos
A12: Alemania | B12: España
A13: Costa de Marfil | B13: Portugal
A14: Ecuador | B14: Suiza
A15: Países Bajos | B15: Egipto
A16: Japón | B16: Argentina
A17: Suecia | B17: Colombia
A18: Bélgica
A19: Egipto
A20: España
A21: Cabo Verde
A22: Francia
A23: Noruega
A24: Senegal
A25: Argentina
A26: Austria
A27: Argelia
A28: Colombia
A29: Portugal
... A33: Ghana

Sheet Realidad Playoffs Predicciones
A1: PARTIDOS DE DIECISEISAVOS
A2: Partido | B2: Local | C2: Visitante | D2: G_Local | E2: G_Visitante | F2: Resultado | G2: Diferencia
A3: 1 | B3: Alemania | C3: Paraguay | D3: 1 | E3: 1 | F3: Visitante | G3: =D3-E3
A4: 2 | B4: Francia | C4: Suecia | D4: 3 | E4: 0 | F4: =IF(D4>E4,"Local",IF(D4=E4,"Empate","Visitante")) | G4: =D4-E4
A5: 3 | B5: Sudáfrica | C5: Canadá | D5: 0 | E5: 1 | F5: =IF(D5>E5,"Local",IF(D5=E5,"Empate","Visitante")) | G5: =D5-E5
A6: 4 | B6: Países Bajos | C6: Marruecos | D6: 1 | E6: 1 | F6: Visitante | G6: =D6-E6
A7: 5 | B7: Portugal | C7: Croacia | D7: 2 | E7: 1 | F7: =IF(D7>E7,"Local",IF(D7=E7,"Empate","Visitante")) | G7: =D7-E7
A8: 6 | B8: España | C8: Austria | D8: 3 | E8: 0 | F8: =IF(D8>E8,"Local",IF(D8=E8,"Empate","Visitante")) | G8: =D8-E8
A9: 7 | B9: Estados Unidos | C9: Bosnia y Herzegovina | D9: 2 | E9: 0 | F9: =IF(D9>E9,"Local",IF(D9=E9,"Empate","Visitante")) | G9: =D9-E9
A10: 8 | B10: Bélgica | C10: Senegal | D10: 3 | E10: 2 | F10: =IF(D10>E10,"Local",IF(D10=E10,"Empate","Visitante")) | G10: =D10-E10
A11: 9 | B11: Brasil | C11: Japón | D11: 2 | E11: 1 | F11: =IF(D11>E11,"Local",IF(D11=E11,"Empate","Visitante")) | G11: =D11-E11
A12: 10 | B12: Costa de Marfil | C12: Noruega | D12: 1 | E12: 2 | F12: =IF(D12>E12,"Local",IF(D12=E12,"Empate","Visitante")) | G12: =D12-E12
A13: 11 | B13: México | C13: Ecuador | D13: 2 | E13: 0 | F13: =IF(D13>E13,"Local",IF(D13=E13,"Empate","Visitante")) | G13: =D13-E13
A14: 12 | B14: Inglaterra | C14: RD Congo | D14: 2 | E14: 1 | F14: =IF(D14>E14,"Local",IF(D14=E14,"Empate","Visitante")) | G14: =D14-E14
A15: 13 | B15: Argentina | C15: Cabo Verde | D15: 3 | E15: 2 | F15: =IF(D15>E15,"Local",IF(D15=E15,"Empate","Visitante")) | G15: =D15-E15
A16: 14 | B16: Australia | C16: Egipto | D16: 1 | E16: 1 | F16: Visitante | G16: =D16-E16
A17: 15 | B17: Suiza | C17: Argelia | D17: 2 | E17: 0 | F17: =IF(D17>E17,"Local",IF(D17=E17,"Empate","Visitante")) | G17: =D17-E17
A18: 16 | B18: Colombia | C18: Ghana | D18: 1 | E18: 0 | F18: =IF(D18>E18,"Local",IF(D18=E18,"Empate","Visitante")) | G18: =D18-E18
A20: PARTIDOS DE OCTAVOS DE FINAL
A21: Partido | B21: Local | C21: Visitante | D21: G_Local | E21: G_Visitante | F21: Resultado | G21: Diferencia
A22: 1 | B22: Paraguay | C22: Francia | D22: 0 | E22: 1 | F22: =IF(D22>E22,"Local",IF(D22=E22,"Empate","Visitante")) | G22: =D22-E22
A23: 2 | B23: Canadá | C23: Marruecos | D23: 0 | E23: 3 | F23: =IF(D23>E23,"Local",IF(D23=E23,"Empate","Visitante")) | G23: =D23-E23
A24: 3 | B24: Portugal | C24: España | D24: 0 | E24: 1 | F24: =IF(D24>E24,"Local",IF(D24=E24,"Empate","Visitante")) | G24: =D24-E24
A25: 4 | B25: Estados Unidos | C25: Bélgica | D25: 1 | E25: 4 | F25: =IF(D25>E25,"Local",IF(D25=E25,"Empate","Visitante")) | G25: =D25-E25
A26: 5 | B26: Brasil | C26: Noruega | D26: 1 | E26: 2 | F26: =IF(D26>E26,"Local",IF(D26=E26,"Empate","Visitante")) | G26: =D26-E26
A27: 6 | B27: México | C27: Inglaterra | D27: 2 | E27: 3 | F27: =IF(D27>E27,"Local",IF(D27=E27,"Empate","Visitante")) | G27: =D27-E27
A28: 7 | B28: Argentina | C28: Egipto | D28: 3 | E28: 2 | F28: Local | G28: =D28-E28
A29: 8 | B29: Suiza | C29: Colombia | D29: 0 | E29: 0 | F29: Local | G29: =D29-E29
A31: PARTIDOS DE CUARTOS DE FINAL
A32: Partido | B32: Local | C32: Visitante | D32: G_Local | E32: G_Visitante | F32: Resultado | G32: Diferencia
A33: 1 | B33: Francia | C33: Marruecos | D33: 2 | E33: 0 | F33: =IF(D33>E33,"Local",IF(D33=E33,"Empate","Visitante")) | G33: =D33-E33
A34: 2 | B34: España | C34: Bélgica | D34: 2 | E34: 1 | F34: =IF(D34>E34,"Local",IF(D34=E34,"Empate","Visitante")) | G34: =D34-E34
A35: 3 | B35: Noruega | C35: Inglaterra | D35: 1 | E35: 2 | F35: =IF(D35>E35,"Local",IF(D35=E35,"Empate","Visitante")) | G35: =D35-E35
A36: 4 | B36: Argentina | C36: Suiza | D36: 3 | E36: 1 | F36: =IF(D36>E36,"Local",IF(D36=E36,"Empate","Visitante")) | G36: =D36-E36
A38: PARTIDOS DE SEMIFINAL
A39: Partido | B39: Local | C39: Visitante | D39: G_Local | E39: G_Visitante | F39: Resultado | G39: Diferencia
A40: 1 | B40: {=IF(OR(INDEX($F$33:$F$36,(ROW()-40)*2+1)="Empate",INDEX($F$33:$F$36,(ROW()-40)*2+1)=""),"",IF(INDEX($F$33:$F$36,(ROW()-40)*2+1)="Local",INDEX($B$33:$B$36,(ROW()-40)*2+1),INDEX($C$33:$C$36,(ROW()-40)*2+1)))} | C40: {=IF(OR(INDEX($F$33:$F$36,(ROW()-40)*2+2)="Empate",INDEX($F$33:$F$36,(ROW()-40)*2+2)=""),"",IF(INDEX($F$33:$F$36,(ROW()-40)*2+2)="Local",INDEX($B$33:$B$36,(ROW()-40)*2+2),INDEX($C$33:$C$36,(ROW()-40)*2+2)))} | D40: 0 | E40: 2 | F40: =IF(D40>E40,"Local",IF(D40=E40,"Empate","Visitante")) | G40: =D40-E40
A41: 2 | B41: {=IF(OR(INDEX($F$33:$F$36,(ROW()-40)*2+1)="Empate",INDEX($F$33:$F$36,(ROW()-40)*2+1)=""),"",IF(INDEX($F$33:$F$36,(ROW()-40)*2+1)="Local",INDEX($B$33:$B$36,(ROW()-40)*2+1),INDEX($C$33:$C$36,(ROW()-40)*2+1)))} | C41: {=IF(OR(INDEX($F$33:$F$36,(ROW()-40)*2+2)="Empate",INDEX($F$33:$F$36,(ROW()-40)*2+2)=""),"",IF(INDEX($F$33:$F$36,(ROW()-40)*2+2)="Local",INDEX($B$33:$B$36,(ROW()-40)*2+2),INDEX($C$33:$C$36,(ROW()-40)*2+2)))} | D41: 1 | E41: 2 | F41: =IF(D41>E41,"Local",IF(D41=E41,"Empate","Visitante")) | G41: =D41-E41
A43: PARTIDOS DE TERCEROS
A44: Partido | B44: Local | C44: Visitante | D44: G_Local | E44: G_Visitante | F44: Resultado | G44: Diferencia
A45: 1 | B45: Francia | C45: Inglaterra | D45: 4 | E45: 6 | F45: =IF(D45>E45,"Local",IF(D45=E45,"Empate","Visitante")) | G45: =D45-E45
A47: PARTIDOS DE FINAL
A48: Partido | B48: Local | C48: Visitante | D48: G_Local | E48: G_Visitante | F48: Resultado | G48: Diferencia
A49: 1 | B49: España | C49: Argentina | D49: 1 | E49: 0 | F49: =IF(D49>E49,"Local",IF(D49=E49,"Empate","Visitante")) | G49: =D49-E49

Sheet Puntajes
A1: Partido | B1: G_Local | C1: G_visitante | D1: Resultado | E1: Diferencia | F1: Hugo | G1: G_Local | H1: G_visitante | I1: Resultado | J1: Diferencia | K1: Oscar | L1: G_Local | M1: G_visitante | N1: Resultado | O1: Diferencia | P1: Camilo | T1: Puntos Hugo | U1: Puntos Oscar | V1: Puntos Camilo
A2: 1 | B2: =IF(Predicciones_Hugo!$E2=Realidad!$E2,1,0) | C2: =IF(Predicciones_Hugo!$F2=Realidad!$F2,1,0) | D2: =IF(Predicciones_Hugo!$G2=Realidad!$G2,1,0) | E2: =IF(Predicciones_Hugo!$H2=Realidad!$H2,1,0) | F2: =B2+C2+D2+E2 | G2: =IF(Predicciones_Oscar!$E2=Realidad!$E2,1,0) | H2: =IF(Predicciones_Oscar!$F2=Realidad!$F2,1,0) | I2: =IF(Predicciones_Oscar!$G2=Realidad!$G2,1,0) | J2: =IF(Predicciones_Oscar!$H2=Realidad!$H2,1,0) | K2: =G2+H2+I2+J2 | L2: =IF(Predicciones_Camilo!$E2=Realidad!$E2,1,0) | M2: =IF(Predicciones_Camilo!$F2=Realidad!$F2,1,0) | N2: =IF(Predicciones_Camilo!$G2=Realidad!$G2,1,0) | O2: =IF(Predicciones_Camilo!$H2=Realidad!$H2,1,0) | P2: =L2+M2+N2+O2 | T2: =SUM(F2:F7) | U2: =SUM(K2:K7) | V2: =SUM(P2:P7)
A3: 2 | B3: =IF(Predicciones_Hugo!$E3=Realidad!$E3,1,0) | C3: =IF(Predicciones_Hugo!$F3=Realidad!$F3,1,0) | D3: =IF(Predicciones_Hugo!$G3=Realidad!$G3,1,0) | E3: =IF(Predicciones_Hugo!$H3=Realidad!$H3,1,0) | F3: =B3+C3+D3+E3 | G3: =IF(Predicciones_Oscar!$E3=Realidad!$E3,1,0) | H3: =IF(Predicciones_Oscar!$F3=Realidad!$F3,1,0) | I3: =IF(Predicciones_Oscar!$G3=Realidad!$G3,1,0) | J3: =IF(Predicciones_Oscar!$H3=Realidad!$H3,1,0) | K3: =G3+H3+I3+J3 | L3: =IF(Predicciones_Camilo!$E3=Realidad!$E3,1,0) | M3: =IF(Predicciones_Camilo!$F3=Realidad!$F3,1,0) | N3: =IF(Predicciones_Camilo!$G3=Realidad!$G3,1,0) | O3: =IF(Predicciones_Camilo!$H3=Realidad!$H3,1,0) | P3: =L3+M3+N3+O3
A4: 3 | B4: =IF(Predicciones_Hugo!$E4=Realidad!$E4,1,0) | C4: =IF(Predicciones_Hugo!$F4=Realidad!$F4,1,0) | D4: =IF(Predicciones_Hugo!$G4=Realidad!$G4,1,0) | E4: =IF(Predicciones_Hugo!$H4=Realidad!$H4,1,0) | F4: =B4+C4+D4+E4 | G4: =IF(Predicciones_Oscar!$E4=Realidad!$E4,1,0) | H4: =IF(Predicciones_Oscar!$F4=Realidad!$F4,1,0) | I4: =IF(Predicciones_Oscar!$G4=Realidad!$G4,1,0) | J4: =IF(Predicciones_Oscar!$H4=Realidad!$H4,1,0) | K4: =G4+H4+I4+J4 | L4: =IF(Predicciones_Camilo!$E4=Realidad!$E4,1,0) | M4: =IF(Predicciones_Camilo!$F4=Realidad!$F4,1,0) | N4: =IF(Predicciones_Camilo!$G4=Realidad!$G4,1,0) | O4: =IF(Predicciones_Camilo!$H4=Realidad!$H4,1,0) | P4: =L4+M4+N4+O4
A5: 4 | B5: =IF(Predicciones_Hugo!$E5=Realidad!$E5,1,0) | C5: =IF(Predicciones_Hugo!$F5=Realidad!$F5,1,0) | D5: =IF(Predicciones_Hugo!$G5=Realidad!$G5,1,0) | E5: =IF(Predicciones_Hugo!$H5=Realidad!$H5,1,0) | F5: =B5+C5+D5+E5 | G5: =IF(Predicciones_Oscar!$E5=Realidad!$E5,1,0) | H5: =IF(Predicciones_Oscar!$F5=Realidad!$F5,1,0) | I5: =IF(Predicciones_Oscar!$G5=Realidad!$G5,1,0) | J5: =IF(Predicciones_Oscar!$H5=Realidad!$H5,1,0) | K5: =G5+H5+I5+J5 | L5: =IF(Predicciones_Camilo!$E5=Realidad!$E5,1,0) | M5: =IF(Predicciones_Camilo!$F5=Realidad!$F5,1,0) | N5: =IF(Predicciones_Camilo!$G5=Realidad!$G5,1,0) | O5: =IF(Predicciones_Camilo!$H5=Realidad!$H5,1,0) | P5: =L5+M5+N5+O5
A6: 5 | B6: =IF(Predicciones_Hugo!$E6=Realidad!$E6,1,0) | C6: =IF(Predicciones_Hugo!$F6=Realidad!$F6,1,0) | D6: =IF(Predicciones_Hugo!$G6=Realidad!$G6,1,0) | E6: =IF(Predicciones_Hugo!$H6=Realidad!$H6,1,0) | F6: =B6+C6+D6+E6 | G6: =IF(Predicciones_Oscar!$E6=Realidad!$E6,1,0) | H6: =IF(Predicciones_Oscar!$F6=Realidad!$F6,1,0) | I6: =IF(Predicciones_Oscar!$G6=Realidad!$G6,1,0) | J6: =IF(Predicciones_Oscar!$H6=Realidad!$H6,1,0) | K6: =G6+H6+I6+J6 | L6: =IF(Predicciones_Camilo!$E6=Realidad!$E6,1,0) | M6: =IF(Predicciones_Camilo!$F6=Realidad!$F6,1,0) | N6: =IF(Predicciones_Camilo!$G6=Realidad!$G6,1,0) | O6: =IF(Predicciones_Camilo!$H6=Realidad!$H6,1,0) | P6: =L6+M6+N6+O6
A7: 6 | B7: =IF(Predicciones_Hugo!$E7=Realidad!$E7,1,0) | C7: =IF(Predicciones_Hugo!$F7=Realidad!$F7,1,0) | D7: =IF(Predicciones_Hugo!$G7=Realidad!$G7,1,0) | E7: =IF(Predicciones_Hugo!$H7=Realidad!$H7,1,0) | F7: =B7+C7+D7+E7 | G7: =IF(Predicciones_Oscar!$E7=Realidad!$E7,1,0) | H7: =IF(Predicciones_Oscar!$F7=Realidad!$F7,1,0) | I7: =IF(Predicciones_Oscar!$G7=Realidad!$G7,1,0) | J7: =IF(Predicciones_Oscar!$H7=Realidad!$H7,1,0) | K7: =G7+H7+I7+J7 | L7: =IF(Predicciones_Camilo!$E7=Realidad!$E7,1,0) | M7: =IF(Predicciones_Camilo!$F7=Realidad!$F7,1,0) | N7: =IF(Predicciones_Camilo!$G7=Realidad!$G7,1,0) | O7: =IF(Predicciones_Camilo!$H7=Realidad!$H7,1,0) | P7: =L7+M7+N7+O7
A8: 7 | B8: =IF(Predicciones_Hugo!$E8=Realidad!$E8,1,0) | C8: =IF(Predicciones_Hugo!$F8=Realidad!$F8,1,0) | D8: =IF(Predicciones_Hugo!$G8=Realidad!$G8,1,0) | E8: =IF(Predicciones_Hugo!$H8=Realidad!$H8,1,0) | F8: =B8+C8+D8+E8 | G8: =IF(Predicciones_Oscar!$E8=Realidad!$E8,1,0) | H8: =IF(Predicciones_Oscar!$F8=Realidad!$F8,1,0) | I8: =IF(Predicciones_Oscar!$G8=Realidad!$G8,1,0) | J8: =IF(Predicciones_Oscar!$H8=Realidad!$H8,1,0) | K8: =G8+H8+I8+J8 | L8: =IF(Predicciones_Camilo!$E8=Realidad!$E8,1,0) | M8: =IF(Predicciones_Camilo!$F8=Realidad!$F8,1,0) | N8: =IF(Predicciones_Camilo!$G8=Realidad!$G8,1,0) | O8: =IF(Predicciones_Camilo!$H8=Realidad!$H8,1,0) | P8: =L8+M8+N8+O8
A9: 8 | B9: =IF(Predicciones_Hugo!$E9=Realidad!$E9,1,0) | C9: =IF(Predicciones_Hugo!$F9=Realidad!$F9,1,0) | D9: =IF(Predicciones_Hugo!$G9=Realidad!$G9,1,0) | E9: =IF(Predicciones_Hugo!$H9=Realidad!$H9,1,0) | F9: =B9+C9+D9+E9 | G9: =IF(Predicciones_Oscar!$E9=Realidad!$E9,1,0) | H9: =IF(Predicciones_Oscar!$F9=Realidad!$F9,1,0) | I9: =IF(Predicciones_Oscar!$G9=Realidad!$G9,1,0) | J9: =IF(Predicciones_Oscar!$H9=Realidad!$H9,1,0) | K9: =G9+H9+I9+J9 | L9: =IF(Predicciones_Camilo!$E9=Realidad!$E9,1,0) | M9: =IF(Predicciones_Camilo!$F9=Realidad!$F9,1,0) | N9: =IF(Predicciones_Camilo!$G9=Realidad!$G9,1,0) | O9: =IF(Predicciones_Camilo!$H9=Realidad!$H9,1,0) | P9: =L9+M9+N9+O9
A10: 9 | B10: =IF(Predicciones_Hugo!$E10=Realidad!$E10,1,0) | C10: =IF(Predicciones_Hugo!$F10=Realidad!$F10,1,0) | D10: =IF(Predicciones_Hugo!$G10=Realidad!$G10,1,0) | E10: =IF(Predicciones_Hugo!$H10=Realidad!$H10,1,0) | F10: =B10+C10+D10+E10 | G10: =IF(Predicciones_Oscar!$E10=Realidad!$E10,1,0) | H10: =IF(Predicciones_Oscar!$F10=Realidad!$F10,1,0) | I10: =IF(Predicciones_Oscar!$G10=Realidad!$G10,1,0) | J10: =IF(Predicciones_Oscar!$H10=Realidad!$H10,1,0) | K10: =G10+H10+I10+J10 | L10: =IF(Predicciones_Camilo!$E10=Realidad!$E10,1,0) | M10: =IF(Predicciones_Camilo!$F10=Realidad!$F10,1,0) | N10: =IF(Predicciones_Camilo!$G10=Realidad!$G10,1,0) | O10: =IF(Predicciones_Camilo!$H10=Realidad!$H10,1,0) | P10: =L10+M10+N10+O10
A11: 10 | B11: =IF(Predicciones_Hugo!$E11=Realidad!$E11,1,0) | C11: =IF(Predicciones_Hugo!$F11=Realidad!$F11,1,0) | D11: =IF(Predicciones_Hugo!$G11=Realidad!$G11,1,0) | E11: =IF(Predicciones_Hugo!$H11=Realidad!$H11,1,0) | F11: =B11+C11+D11+E11 | G11: =IF(Predicciones_Oscar!$E11=Realidad!$E11,1,0) | H11: =IF(Predicciones_Oscar!$F11=Realidad!$F11,1,0) | I11: =IF(Predicciones_Oscar!$G11=Realidad!$G11,1,0) | J11: =IF(Predicciones_Oscar!$H11=Realidad!$H11,1,0) | K11: =G11+H11+I11+J11 | L11: =IF(Predicciones_Camilo!$E11=Realidad!$E11,1,0) | M11: =IF(Predicciones_Camilo!$F11=Realidad!$F11,1,0) | N11: =IF(Predicciones_Camilo!$G11=Realidad!$G11,1,0) | O11: =IF(Predicciones_Camilo!$H11=Realidad!$H11,1,0) | P11: =L11+M11+N11+O11
A12: 11 | B12: =IF(Predicciones_Hugo!$E12=Realidad!$E12,1,0) | C12: =IF(Predicciones_Hugo!$F12=Realidad!$F12,1,0) | D12: =IF(Predicciones_Hugo!$G12=Realidad!$G12,1,0) | E12: =IF(Predicciones_Hugo!$H12=Realidad!$H12,1,0) | F12: =B12+C12+D12+E12 | G12: =IF(Predicciones_Oscar!$E12=Realidad!$E12,1,0) | H12: =IF(Predicciones_Oscar!$F12=Realidad!$F12,1,0) | I12: =IF(Predicciones_Oscar!$G12=Realidad!$G12,1,0) | J12: =IF(Predicciones_Oscar!$H12=Realidad!$H12,1,0) | K12: =G12+H12+I12+J12 | L12: =IF(Predicciones_Camilo!$E12=Realidad!$E12,1,0) | M12: =IF(Predicciones_Camilo!$F12=Realidad!$F12,1,0) | N12: =IF(Predicciones_Camilo!$G12=Realidad!$G12,1,0) | O12: =IF(Predicciones_Camilo!$H12=Realidad!$H12,1,0) | P12: =L12+M12+N12+O12
A13: 12 | B13: =IF(Predicciones_Hugo!$E13=Realidad!$E13,1,0) | C13: =IF(Predicciones_Hugo!$F13=Realidad!$F13,1,0) | D13: =IF(Predicciones_Hugo!$G13=Realidad!$G13,1,0) | E13: =IF(Predicciones_Hugo!$H13=Realidad!$H13,1,0) | F13: =B13+C13+D13+E13 | G13: =IF(Predicciones_Oscar!$E13=Realidad!$E13,1,0) | H13: =IF(Predicciones_Oscar!$F13=Realidad!$F13,1,0) | I13: =IF(Predicciones_Oscar!$G13=Realidad!$G13,1,0) | J13: =IF(Predicciones_Oscar!$H13=Realidad!$H13,1,0) | K13: =G13+H13+I13+J13 | L13: =IF(Predicciones_Camilo!$E13=Realidad!$E13,1,0) | M13: =IF(Predicciones_Camilo!$F13=Realidad!$F13,1,0) | N13: =IF(Predicciones_Camilo!$G13=Realidad!$G13,1,0) | O13: =IF(Predicciones_Camilo!$H13=Realidad!$H13,1,0) | P13: =L13+M13+N13+O13
A14: 13 | B14: =IF(Predicciones_Hugo!$E14=Realidad!$E14,1,0) | C14: =IF(Predicciones_Hugo!$F14=Realidad!$F14,1,0) | D14: =IF(Predicciones_Hugo!$G14=Realidad!$G14,1,0) | E14: =IF(Predicciones_Hugo!$H14=Realidad!$H14,1,0) | F14: =B14+C14+D14+E14 | G14: =IF(Predicciones_Oscar!$E14=Realidad!$E14,1,0) | H14: =IF(Predicciones_Oscar!$F14=Realidad!$F14,1,0) | I14: =IF(Predicciones_Oscar!$G14=Realidad!$G14,1,0) | J14: =IF(Predicciones_Oscar!$H14=Realidad!$H14,1,0) | K14: =G14+H14+I14+J14 | L14: =IF(Predicciones_Camilo!$E14=Realidad!$E14,1,0) | M14: =IF(Predicciones_Camilo!$F14=Realidad!$F14,1,0) | N14: =IF(Predicciones_Camilo!$G14=Realidad!$G14,1,0) | O14: =IF(Predicciones_Camilo!$H14=Realidad!$H14,1,0) | P14: =L14+M14+N14+O14
... A73: 72 | B73: =IF(Predicciones_Hugo!$E73=Realidad!$E73,1,0) | C73: =IF(Predicciones_Hugo!$F73=Realidad!$F73,1,0) | D73: =IF(Predicciones_Hugo!$G73=Realidad!$G73,1,0) | E73: =IF(Predicciones_Hugo!$H73=Realidad!$H73,1,0) | F73: =B73+C73+D73+E73 | G73: =IF(Predicciones_Oscar!$E73=Realidad!$E73,1,0) | H73: =IF(Predicciones_Oscar!$F73=Realidad!$F73,1,0) | I73: =IF(Predicciones_Oscar!$G73=Realidad!$G73,1,0) | J73: =IF(Predicciones_Oscar!$H73=Realidad!$H73,1,0) | K73: =G73+H73+I73+J73 | L73: =IF(Predicciones_Camilo!$E73=Realidad!$E73,1,0) | M73: =IF(Predicciones_Camilo!$F73=Realidad!$F73,1,0) | N73: =IF(Predicciones_Camilo!$G73=Realidad!$G73,1,0) | O73: =IF(Predicciones_Camilo!$H73=Realidad!$H73,1,0) | P73: =L73+M73+N73+O73
A74: Dieciseisavos | B74: Alemania | C74: =COUNTIF('Realidad Playoffs'!A:A,Puntajes!B74) | F74: =IF(C74>0,4,0) | G74: Alemania | H74: =COUNTIF('Realidad Playoffs'!A:A,Puntajes!G74) | K74: =IF(H74>0,4,0) | L74: Alemania | M74: =COUNTIF('Realidad Playoffs'!A:A,Puntajes!L74) | P74: =IF(M74>0,4,0)
A75: Dieciseisavos | B75: Escocia | C75: =COUNTIF('Realidad Playoffs'!A:A,Puntajes!B75) | F75: =IF(C75>0,4,0) | G75: Escocia | H75: =COUNTIF('Realidad Playoffs'!A:A,Puntajes!G75) | K75: =IF(H75>0,4,0) | L75: Estados Unidos | M75: =COUNTIF('Realidad Playoffs'!A:A,Puntajes!L75) | P75: =IF(M75>0,4,0)
A76: Dieciseisavos | B76: Francia | C76: =COUNTIF('Realidad Playoffs'!A:A,Puntajes!B76) | F76: =IF(C76>0,4,0) | G76: Francia | H76: =COUNTIF('Realidad Playoffs'!A:A,Puntajes!G76) | K76: =IF(H76>0,4,0) | L76: Francia | M76: =COUNTIF('Realidad Playoffs'!A:A,Puntajes!L76) | P76: =IF(M76>0,4,0)
A77: Dieciseisavos | B77: Arabia Saudi | C77: =COUNTIF('Realidad Playoffs'!A:A,Puntajes!B77) | F77: =IF(C77>0,4,0) | G77: Suecia | H77: =COUNTIF('Realidad Playoffs'!A:A,Puntajes!G77) | K77: =IF(H77>0,4,0) | L77: Suecia | M77: =COUNTIF('Realidad Playoffs'!A:A,Puntajes!L77) | P77: =IF(M77>0,4,0)
A78: Dieciseisavos | B78: Sudáfrica | C78: =COUNTIF('Realidad Playoffs'!A:A,Puntajes!B78) | F78: =IF(C78>0,4,0) | G78: República Checa | H78: =COUNTIF('Realidad Playoffs'!A:A,Puntajes!G78) | K78: =IF(H78>0,4,0) | L78: Corea del Sur | M78: =COUNTIF('Realidad Playoffs'!A:A,Puntajes!L78) | P78: =IF(M78>0,4,0)
A79: Dieciseisavos | B79: Canadá | C79: =COUNTIF('Realidad Playoffs'!A:A,Puntajes!B79) | F79: =IF(C79>0,4,0) | G79: Canadá | H79: =COUNTIF('Realidad Playoffs'!A:A,Puntajes!G79) | K79: =IF(H79>0,4,0) | L79: Bosnia y Herzegovina | M79: =COUNTIF('Realidad Playoffs'!A:A,Puntajes!L79) | P79: =IF(M79>0,4,0)
A80: Dieciseisavos | B80: Países Bajos | C80: =COUNTIF('Realidad Playoffs'!A:A,Puntajes!B80) | F80: =IF(C80>0,4,0) | G80: Japón | H80: =COUNTIF('Realidad Playoffs'!A:A,Puntajes!G80) | K80: =IF(H80>0,4,0) | L80: Países Bajos | M80: =COUNTIF('Realidad Playoffs'!A:A,Puntajes!L80) | P80: =IF(M80>0,4,0)
A81: Dieciseisavos | B81: Marruecos | C81: =COUNTIF('Realidad Playoffs'!A:A,Puntajes!B81) | F81: =IF(C81>0,4,0) | G81: Marruecos | H81: =COUNTIF('Realidad Playoffs'!A:A,Puntajes!G81) | K81: =IF(H81>0,4,0) | L81: Marruecos | M81: =COUNTIF('Realidad Playoffs'!A:A,Puntajes!L81) | P81: =IF(M81>0,4,0)
A82: Dieciseisavos | B82: Colombia | C82: =COUNTIF('Realidad Playoffs'!A:A,Puntajes!B82) | F82: =IF(C82>0,4,0) | G82: Colombia | H82: =COUNTIF('Realidad Playoffs'!A:A,Puntajes!G82) | K82: =IF(H82>0,4,0) | L82: Colombia | M82: =COUNTIF('Realidad Playoffs'!A:A,Puntajes!L82) | P82: =IF(M82>0,4,0)
A83: Dieciseisavos | B83: Croacia | C83: =COUNTIF('Realidad Playoffs'!A:A,Puntajes!B83) | F83: =IF(C83>0,4,0) | G83: Croacia | H83: =COUNTIF('Realidad Playoffs'!A:A,Puntajes!G83) | K83: =IF(H83>0,4,0) | L83: Croacia | M83: =COUNTIF('Realidad Playoffs'!A:A,Puntajes!L83) | P83: =IF(M83>0,4,0)
A84: Dieciseisavos | B84: Uruguay | C84: =COUNTIF('Realidad Playoffs'!A:A,Puntajes!B84) | F84: =IF(C84>0,4,0) | G84: España | H84: =COUNTIF('Realidad Playoffs'!A:A,Puntajes!G84) | K84: =IF(H84>0,4,0) | L84: España | M84: =COUNTIF('Realidad Playoffs'!A:A,Puntajes!L84) | P84: =IF(M84>0,4,0)
A85: Dieciseisavos | B85: Austria | C85: =COUNTIF('Realidad Playoffs'!A:A,Puntajes!B85) | F85: =IF(C85>0,4,0) | G85: Austria | H85: =COUNTIF('Realidad Playoffs'!A:A,Puntajes!G85) | K85: =IF(H85>0,4,0) | L85: Argelia | M85: =COUNTIF('Realidad Playoffs'!A:A,Puntajes!L85) | P85: =IF(M85>0,4,0)
... A105: Dieciseisavos | B105: Ghana | C105: =COUNTIF('Realidad Playoffs'!A:A,Puntajes!B105) | F105: =IF(C105>0,4,0) | G105: Ghana | H105: =COUNTIF('Realidad Playoffs'!A:A,Puntajes!G105) | K105: =IF(H105>0,4,0) | L105: Ghana | M105: =COUNTIF('Realidad Playoffs'!A:A,Puntajes!L105) | P105: =IF(M105>0,4,0)
A106: Octavos | B106: Alemania | C106: =COUNTIF('Realidad Playoffs'!B:B,Puntajes!B106) | F106: =IF(C106>0,6,0) | G106: Alemania | H106: =COUNTIF('Realidad Playoffs'!B:B,Puntajes!G106) | K106: =IF(H106>0,6,0) | L106: Alemania | M106: =COUNTIF('Realidad Playoffs'!B:B,Puntajes!L106) | P106: =IF(M106>0,6,0)
A107: Octavos | B107: Francia | C107: =COUNTIF('Realidad Playoffs'!B:B,Puntajes!B107) | F107: =IF(C107>0,6,0) | G107: Francia | H107: =COUNTIF('Realidad Playoffs'!B:B,Puntajes!G107) | K107: =IF(H107>0,6,0) | L107: Francia | M107: =COUNTIF('Realidad Playoffs'!B:B,Puntajes!L107) | P107: =IF(M107>0,6,0)
A108: Octavos | B108: Canadá | C108: =COUNTIF('Realidad Playoffs'!B:B,Puntajes!B108) | F108: =IF(C108>0,6,0) | G108: Canadá | H108: =COUNTIF('Realidad Playoffs'!B:B,Puntajes!G108) | K108: =IF(H108>0,6,0) | L108: Corea del Sur | M108: =COUNTIF('Realidad Playoffs'!B:B,Puntajes!L108) | P108: =IF(M108>0,6,0)
